<?xml version="1.0" encoding="UTF-8"?><rss version="2.0"
	xmlns:content="http://purl.org/rss/1.0/modules/content/"
	xmlns:wfw="http://wellformedweb.org/CommentAPI/"
	xmlns:dc="http://purl.org/dc/elements/1.1/"
	xmlns:atom="http://www.w3.org/2005/Atom"
	xmlns:sy="http://purl.org/rss/1.0/modules/syndication/"
	xmlns:slash="http://purl.org/rss/1.0/modules/slash/"
	>

<channel>
	<title>Places to Visit in Italy</title>
	<atom:link href="/tag/places-to-visit-in-italy/feed/" rel="self" type="application/rss+xml" />
	<link>/</link>
	<description>Places You Must Visit Before Die</description>
	<lastBuildDate>Sat, 14 Aug 2021 09:36:09 +0000</lastBuildDate>
	<language>en</language>
	<sy:updatePeriod>
	hourly	</sy:updatePeriod>
	<sy:updateFrequency>
	1	</sy:updateFrequency>
	<generator>https://wordpress.org/?v=5.8.1</generator>

<image>
	<url>/wp-content/uploads/2021/07/cropped-favicon-32x32.png</url>
	<title>Places to Visit in Italy</title>
	<link>/</link>
	<width>32</width>
	<height>32</height>
</image> 
	<item>
		<title>10 Beautiful Places to Visit in Italy &#124; Ten Travel Ideas</title>
		<link>/places-to-visit-in-italy-ten-travel-ideas/</link>
					<comments>/places-to-visit-in-italy-ten-travel-ideas/#respond</comments>
		
		<dc:creator><![CDATA[admin]]></dc:creator>
		<pubDate>Sat, 14 Aug 2021 09:36:07 +0000</pubDate>
				<category><![CDATA[Top Destinations]]></category>
		<category><![CDATA[Places to Visit in Italy]]></category>
		<guid isPermaLink="false">/?p=149</guid>

					<description><![CDATA[Italy is a European county and considered the best place for tourism. Italy is not only blessed with art and architecture. Italy also has lots of lakes and mountains, which gives you a stunning view that makes your vacation more exciting. It also has the oldest great cities these are major attractions for visitors, where ... <a title="10 Beautiful Places to Visit in Italy &#124; Ten Travel Ideas" class="read-more" href="/places-to-visit-in-italy-ten-travel-ideas/" aria-label="More on 10 Beautiful Places to Visit in Italy &#124; Ten Travel Ideas">Read more</a>]]></description>
										<content:encoded><![CDATA[
<p>Italy is a European county and considered the best place for tourism. Italy is not only blessed with art and architecture. Italy also has lots of lakes and mountains, which gives you a stunning view that makes your vacation more exciting. It also has the oldest great cities these are major attractions for visitors, where you can see monuments and great works of art. So, if you are planning your vacation in Europe, you should consider Italy as your first choice.</p>



<h2>1. The Grand Canal in Venice Italy</h2>



<div class="wp-block-image is-style-rounded"><figure class="aligncenter size-full"><img loading="lazy" width="600" height="280" src="/wp-content/uploads/2021/08/The-Grand-Canal-in-Venice-Italy.jpg" alt="The Grand Canal in Venice Italy" class="wp-image-152" srcset="/wp-content/uploads/2021/08/The-Grand-Canal-in-Venice-Italy.jpg 600w, /wp-content/uploads/2021/08/The-Grand-Canal-in-Venice-Italy-300x140.jpg 300w" sizes="(max-width: 600px) 100vw, 600px" /><figcaption>The Grand Canal in Venice Italy</figcaption></figure></div>



<p>The Grand Canal is an ancient canal in Venice comprised of 3.8 kilometers long. Venice is a city of islands which makes it a dreamland for tourists. Grand Canal is one of the major water traffic corridors in the city that travelers have used for centuries. The Grand Canal is the largest and popular <strong>S-shaped</strong> waterway through the city. Along the canal, you can also see the Grand palaces whose front face the water over there. Tourists can enjoy boating and explore many museums and the Academy of fine arts.</p>



<p><strong><u>Accommodation: </u></strong>&nbsp;&nbsp;Canal Grande Hotel and Aman Venice.</p>



<h2>2. Leaning Tower of Pisa Italy</h2>



<div class="wp-block-image is-style-rounded"><figure class="aligncenter size-full"><img loading="lazy" width="600" height="280" src="/wp-content/uploads/2021/08/Leaning-Tower-of-Pisa-Italy.jpg" alt="Leaning Tower of Pisa Italy" class="wp-image-153" srcset="/wp-content/uploads/2021/08/Leaning-Tower-of-Pisa-Italy.jpg 600w, /wp-content/uploads/2021/08/Leaning-Tower-of-Pisa-Italy-300x140.jpg 300w" sizes="(max-width: 600px) 100vw, 600px" /><figcaption> Leaning Tower of Pisa Italy </figcaption></figure></div>



<p>Leaning Tower of Pisa is a tower in Pisa which is well known for its <strong>four-degree lean</strong>. Climbing the top of the leaning tower is a thrilling and unique experience. Leaning tower offers you an appealing view of the city, from where you can capture this moment by taking pictures. It is one of the best places to visit in Italy. It also offers you a medieval stone carving style of Europe.</p>



<p><strong><u>Accommodation: </u></strong>&nbsp;&nbsp;Hotel Pisa Tower and Hotel Di Stefano.</p>



<h2>3. Lake Como Italy </h2>



<div class="wp-block-image is-style-rounded"><figure class="aligncenter size-full"><img loading="lazy" width="600" height="280" src="/wp-content/uploads/2021/08/Lake-Como-Italy.jpg" alt="Lake Como Italy" class="wp-image-154" srcset="/wp-content/uploads/2021/08/Lake-Como-Italy.jpg 600w, /wp-content/uploads/2021/08/Lake-Como-Italy-300x140.jpg 300w" sizes="(max-width: 600px) 100vw, 600px" /><figcaption>Lake Como Italy</figcaption></figure></div>



<p>Lake Como is the third largest lake in Italy, which is having a scenic view that makes it ideal for tourism. It offers you an appealing sight which will make your trip more memorable. Its <strong>Y shapes characteristics</strong> make it unique and different from others. Tourists can enjoy boating and also visit a historic Villa. You can also keep yourself relax by sitting on the beach side. Lake also has many Palaces and gardens that are open for the public to enjoy over here.</p>



<p><strong><u>Accommodation: </u></strong>&nbsp;&nbsp;Ostello Bello Lake Como and Suites&amp; Atelier Lake Como.</p>



<h2>4. Cinque Terre Italy </h2>



<div class="wp-block-image is-style-rounded"><figure class="aligncenter size-full"><img loading="lazy" width="600" height="280" src="/wp-content/uploads/2021/08/Cinque-Terre-Italy.jpg" alt="Cinque Terre Italy" class="wp-image-155" srcset="/wp-content/uploads/2021/08/Cinque-Terre-Italy.jpg 600w, /wp-content/uploads/2021/08/Cinque-Terre-Italy-300x140.jpg 300w" sizes="(max-width: 600px) 100vw, 600px" /><figcaption>Cinque Terre Italy</figcaption></figure></div>



<p>Cinque Terre is a centuries-old seaside village located on the Italian Riviera coastline. If you are planning your vacations in Italy, you should add this place to your itinerary. This town is comprised of five colors which give you an outstanding view. You can enjoy boat tours and hike over there. Tourists can also explore colorful houses and also enjoy the seafood.</p>



<p><strong>Accommodation: </strong>&nbsp;&nbsp;Le Coste and La Torretta.</p>



<h2>5. Tuscany Italy </h2>



<div class="wp-block-image is-style-rounded"><figure class="aligncenter size-full"><img loading="lazy" width="600" height="280" src="/wp-content/uploads/2021/08/Tuscany-Italy.jpg" alt="Tuscany Italy" class="wp-image-156" srcset="/wp-content/uploads/2021/08/Tuscany-Italy.jpg 600w, /wp-content/uploads/2021/08/Tuscany-Italy-300x140.jpg 300w" sizes="(max-width: 600px) 100vw, 600px" /><figcaption>Tuscany Italy</figcaption></figure></div>



<p>Tuscany is a region in Italy that offers you a peaceful environment. It is the famous countryside of Italy, where you can enjoy your time without any disturbance. You can also explore many romantic villas and castles where you can express your love to your loved ones. It is well known for <strong>Renaissance art</strong> and architecture including the <strong>David statue</strong>. September and October and April and May are the best months to visit over here. It also has natural landscapes and mountains which are best for tourists.</p>



<p><strong><u>Accommodation: </u></strong>&nbsp;&nbsp;&nbsp;Agave in Città and B&amp;B Toscana.</p>



<h2>6. Capri Italy </h2>



<div class="wp-block-image is-style-rounded"><figure class="aligncenter size-full"><img loading="lazy" width="600" height="280" src="/wp-content/uploads/2021/08/Capri-Italy.jpg" alt="Capri Italy" class="wp-image-157" srcset="/wp-content/uploads/2021/08/Capri-Italy.jpg 600w, /wp-content/uploads/2021/08/Capri-Italy-300x140.jpg 300w" sizes="(max-width: 600px) 100vw, 600px" /><figcaption>Capri Italy</figcaption></figure></div>



<p>Capri is a well-known island in Italy that attracts many tourists every year, located in the <strong>Bay of Naples</strong>. It offers an aesthetic scenery view. Capri is like a paradise where you can see the Heart touching views; you can feel a natural beauty. Summer is the best time to visit over here, and you can enjoy the refreshing water by boating. You can do world-class shopping here. As you all knew that nature can heal you.</p>



<p><strong><u>Accommodation: </u></strong>&nbsp;&nbsp;Hotel Mamela and Piazzetta Diefenbach.</p>



<h2>7. Florence Italy </h2>



<div class="wp-block-image is-style-rounded"><figure class="aligncenter size-full"><img loading="lazy" width="600" height="280" src="/wp-content/uploads/2021/08/Florence-Italy.jpg" alt="Florence Italy" class="wp-image-158" srcset="/wp-content/uploads/2021/08/Florence-Italy.jpg 600w, /wp-content/uploads/2021/08/Florence-Italy-300x140.jpg 300w" sizes="(max-width: 600px) 100vw, 600px" /><figcaption>Florence Italy</figcaption></figure></div>



<p>Florence is the capital of Italy, situated in the <strong>scenic Tuscan valley</strong>, which offers masterpieces of Renaissance and architecture. It is known for its food and art. Florence offers abundant natural beauty. <strong>Uffizi Gallery</strong> is the best place for art lover to visit. You can also explore eye-catching palaces which give you an aesthetics view. You should visit over here and make your vacation more memorable.</p>



<p><strong><u>Accommodation: </u></strong>&nbsp;&nbsp;Hotel Monna Lisa and Hotel Accademia.</p>



<h2>8. Milan Italy </h2>



<div class="wp-block-image is-style-rounded"><figure class="aligncenter size-full"><img loading="lazy" width="600" height="280" src="/wp-content/uploads/2021/08/Milan-Italy.jpg" alt="Milan Italy" class="wp-image-159" srcset="/wp-content/uploads/2021/08/Milan-Italy.jpg 600w, /wp-content/uploads/2021/08/Milan-Italy-300x140.jpg 300w" sizes="(max-width: 600px) 100vw, 600px" /><figcaption>Milan Italy</figcaption></figure></div>



<p>If you are planning your vacation and you are a shopping lover so, it’s my suggestion for you that you should add Milan to your itinerary. Milan is known as a capital of fashion and design; you can explore luxurious brands. You can also see beautiful architecture which offers plenty of history; tourists can also visit high-class restaurants where they can spend quality time with their loved ones. Milan organizes a weekly traditional fair on Saturday, from where you can buy books, antiques, and different objects.</p>



<p><strong><u>Accommodation: </u></strong>&nbsp;&nbsp;Portaclè Suites and Matilde Boutique Hotel.</p>



<h2>9. LAKE GARDA  Italy </h2>



<div class="wp-block-image is-style-rounded"><figure class="aligncenter size-full"><img loading="lazy" width="600" height="280" src="/wp-content/uploads/2021/08/LAKE-GARDA-Italy.jpg" alt="LAKE GARDA  Italy " class="wp-image-161" srcset="/wp-content/uploads/2021/08/LAKE-GARDA-Italy.jpg 600w, /wp-content/uploads/2021/08/LAKE-GARDA-Italy-300x140.jpg 300w" sizes="(max-width: 600px) 100vw, 600px" /><figcaption> LAKE GARDA  Italy  </figcaption></figure></div>



<p>Lake Garda is one of the most famous destinations to visit in Italy with your family. Garda Lake is surrounded by mountains, forests, and villages which gives you a fantastic view. It provides an opportunity for swimming lovers. <strong>Gardaland</strong> is a theme park over here which is the main attraction for children’s where they can enjoy various games. Tourists can also enjoy outdoor activities such as hiking and water sports.</p>



<p><strong><u>Accommodation: </u></strong>&nbsp;&nbsp;Garda Life and Le Ali Del Frassino.</p>



<h2>10. Sardinia Italy </h2>



<div class="wp-block-image is-style-rounded"><figure class="aligncenter size-full"><img loading="lazy" width="600" height="280" src="/wp-content/uploads/2021/08/Sardinia-Italy.jpg" alt="Sardinia Italy" class="wp-image-163" srcset="/wp-content/uploads/2021/08/Sardinia-Italy.jpg 600w, /wp-content/uploads/2021/08/Sardinia-Italy-300x140.jpg 300w" sizes="(max-width: 600px) 100vw, 600px" /><figcaption>Sardinia Italy</figcaption></figure></div>



<p>Sardinia is one of the biggest islands situated in the <strong>Mediterranean Sea</strong>. It has many beaches and mountains with hiking trails that make it ideal for tourism. You can enjoy yourself with your friends and family over here. You can witness the beautiful scenic views with your eye. You can enjoy many outdoor activities like horse riding and swimming.</p>



<p><strong><u>Accommodation: </u></strong>&nbsp;&nbsp;Sa Vivenda Rooms, B&amp;B Supramonte and Bardilio Luxury Rooms.</p>



<h2> </h2>
]]></content:encoded>
					
					<wfw:commentRss>/places-to-visit-in-italy-ten-travel-ideas/feed/</wfw:commentRss>
			<slash:comments>0</slash:comments>
		
		
			</item>
	</channel>
</rss>
