<?xml version="1.0" encoding="UTF-8"?><rss version="2.0"
	xmlns:content="http://purl.org/rss/1.0/modules/content/"
	xmlns:wfw="http://wellformedweb.org/CommentAPI/"
	xmlns:dc="http://purl.org/dc/elements/1.1/"
	xmlns:atom="http://www.w3.org/2005/Atom"
	xmlns:sy="http://purl.org/rss/1.0/modules/syndication/"
	xmlns:slash="http://purl.org/rss/1.0/modules/slash/"
	>

<channel>
	<title>10 best places in croatia to visit</title>
	<atom:link href="/tag/10-best-places-in-croatia-to-visit/feed/" rel="self" type="application/rss+xml" />
	<link>/</link>
	<description>Places You Must Visit Before Die</description>
	<lastBuildDate>Thu, 15 Jul 2021 12:05:15 +0000</lastBuildDate>
	<language>en</language>
	<sy:updatePeriod>
	hourly	</sy:updatePeriod>
	<sy:updateFrequency>
	1	</sy:updateFrequency>
	<generator>https://wordpress.org/?v=5.8.1</generator>

<image>
	<url>/wp-content/uploads/2021/07/cropped-favicon-32x32.png</url>
	<title>10 best places in croatia to visit</title>
	<link>/</link>
	<width>32</width>
	<height>32</height>
</image> 
	<item>
		<title>10 Top-Rated Tourist Attractive Destinations in Croatia</title>
		<link>/top-tourist-attractive-destinations-croatia/</link>
					<comments>/top-tourist-attractive-destinations-croatia/#respond</comments>
		
		<dc:creator><![CDATA[admin]]></dc:creator>
		<pubDate>Thu, 15 Jul 2021 12:05:12 +0000</pubDate>
				<category><![CDATA[Top Destinations]]></category>
		<category><![CDATA[10 best places in croatia to visit]]></category>
		<guid isPermaLink="false">/?p=42</guid>

					<description><![CDATA[Croatia lies on the coast of the Adriatic Sea. Croatia is well known for its fantastic histories, culture and environments among the European country. Croatia has so many historical monuments which reflect the interesting facts about Croatia. Zagreb is the capital and largest city of Croatia. Croatia has heart Shape Island which is known as ... <a title="10 Top-Rated Tourist Attractive Destinations in Croatia" class="read-more" href="/top-tourist-attractive-destinations-croatia/" aria-label="More on 10 Top-Rated Tourist Attractive Destinations in Croatia">Read more</a>]]></description>
										<content:encoded><![CDATA[
<p class="has-drop-cap">Croatia lies on the coast of the Adriatic Sea. Croatia is well known for its fantastic histories, culture and environments among the European country. Croatia has so many historical monuments which reflect the interesting facts about Croatia. Zagreb is the capital and largest city of Croatia. Croatia has heart Shape Island which is known as the island of love. The world’s smallest town is in Croatia which is known as “Hum” whose population is 17 to 23 people.</p>



<h2><strong>Wonderful destinations in Croatia</strong> for tourist</h2>



<h2>1. <strong>Zagreb</strong></h2>



<div class="wp-block-image is-style-rounded"><figure class="aligncenter size-large"><img loading="lazy" width="600" height="280" src="/wp-content/uploads/2021/07/Zagreb-Croatia.jpg" alt="Zagreb Croatia" class="wp-image-47" srcset="/wp-content/uploads/2021/07/Zagreb-Croatia.jpg 600w, /wp-content/uploads/2021/07/Zagreb-Croatia-300x140.jpg 300w" sizes="(max-width: 600px) 100vw, 600px"><figcaption>Zagreb Croatia</figcaption></figure></div>



<p>Zagreb is the capital and largest city of Croatia. It is located on the Slopes of Medvednica Hill. Zagreb has a lot of museums which reflects the culture and traditions of Croatia. You also come to know about the history of Croatia by visiting over there. Zagreb also has so many open squares and parks. It blessed with natural beauty as it is located on Slopes of Hill. So, you can feel the beauty of nature over there which makes you happy and you can catch the everlasting memories. Zagreb is also known as industrial center of Croatia. Zagreb is divided in to two towns upper and lower town in which upper town reflects the old traditions you can explore the old palaces, churches and old towers. Croatia has numbers of interesting and beautiful buildings and <strong>café culture</strong> is too prominent over there. Lotrscak Tower, Gric Tunnel<strong>, </strong>Archaeological Museum<strong>,</strong>Jarun Lake and Croatian Museum of Naive Art are the famous places to visit in Zagreb. <strong>Hotel Park 45</strong>, <strong>Admiral Hotel</strong>, <strong>B&amp;B Schlosser</strong> and <strong>The Loop Hotel</strong> are the best accommodations in Zagreb.</p>



<h2>2. <strong>Bol</strong></h2>



<div class="wp-block-image is-style-rounded"><figure class="aligncenter size-large"><img loading="lazy" width="600" height="280" src="/wp-content/uploads/2021/07/Bol-Croatia.jpg" alt="Bol Croatia" class="wp-image-48" srcset="/wp-content/uploads/2021/07/Bol-Croatia.jpg 600w, /wp-content/uploads/2021/07/Bol-Croatia-300x140.jpg 300w" sizes="(max-width: 600px) 100vw, 600px"><figcaption>Bol Croatia</figcaption></figure></div>



<p>Bol is beautiful place for tourist to visit. Bol has so many historical places and buildings which are made of stone. Historical places reflects the history of Bol and tradition of Bol. Zlatni Rat Beach is famous beach on Brac island near the town of Bol. you can enjoy swimming and you can also take sun bath over there. This is ideal destination for all sorts of water sports. Bol also has some local cafes from where you can eat food when you get hungry. <strong>Bluesun Hotel Elaphusa</strong>, <strong>Lifestyle Hotel Vitar</strong> and <strong>Hotel Kastil</strong> are the well known accommodations in Bol. <strong>Golden Horn</strong>, <strong>Vidova gora and Stina winery</strong> are the best things to do there.</p>



<blockquote class="wp-block-quote"><p><strong>If there&#8217;s heaven for me, I&#8217;m sure it has a beach attached to it</strong></p></blockquote>



<h2>3. <strong>Zader</strong></h2>



<div class="wp-block-image is-style-rounded"><figure class="aligncenter size-large"><img loading="lazy" width="600" height="280" src="/wp-content/uploads/2021/07/Zader-Croatia.jpg" alt="Zader Croatia" class="wp-image-50" srcset="/wp-content/uploads/2021/07/Zader-Croatia.jpg 600w, /wp-content/uploads/2021/07/Zader-Croatia-300x140.jpg 300w" sizes="(max-width: 600px) 100vw, 600px" /><figcaption>Zader Croatia</figcaption></figure></div>



<p>Zader is the three thousand years old city which is located on on Croatia’s Dalmatian coast. It could be known as ideal place for tourist because it offers so many things to visit. Zader has old town situated at the heart of Zader which you can explores by foot. Zader has so many historical districts which depict the attractive historical buildings which include Roman ruins, medieval architecture and numerous old churches.  Roman Forum, the circular St. Donat’s Church and the Archaeological Museum are the popular places for tourists to explore. Besides the Old Town, Zader also has so many beautiful beaches along Zadar’s coastline where you can sunbathe and swim. <strong>Apartments Donat</strong>, <strong>Hotel Kolovare, B&amp;B Giardin</strong> and <strong>Boutique Hostel Forum</strong> are considered as the best places to stay over there.</p>



<h2>4. <strong>Split</strong></h2>



<div class="wp-block-image is-style-rounded"><figure class="aligncenter size-large"><img loading="lazy" width="600" height="280" src="/wp-content/uploads/2021/07/Split-Croatia.jpg" alt="Split Croatia" class="wp-image-51" srcset="/wp-content/uploads/2021/07/Split-Croatia.jpg 600w, /wp-content/uploads/2021/07/Split-Croatia-300x140.jpg 300w" sizes="(max-width: 600px) 100vw, 600px" /><figcaption>Split Croatia</figcaption></figure></div>



<p>Split is the second largest city of Croatia which is situated on the peninsula off the Dalmatian coast. Historical representation of Gothic and Renaissance architecture of which the <strong>Diocletian’s Palace is the crown jewel</strong> is the major attraction for tourists. Over the centuries, although city of Split has grown up but Diocletian’s Palace have remained intact. Along the historical places tourist will also find a lot of other things to see which include trolling along the seaside promenade, shopping at the lively Green Market and hiking and cycling on the scenic Marjan hill.  <strong>Marvie Hotel &amp; Health</strong>, <strong>Hotel Cvita</strong> and <strong>Amphora Hotel </strong>are known as best to stay.</p>



<blockquote class="wp-block-quote"><p><strong>Architecture should speak of its time and place but yearn for timelessness</strong></p></blockquote>



<h2>5. <strong>Plitvice National Park</strong></h2>



<div class="wp-block-image is-style-rounded"><figure class="aligncenter size-large"><img loading="lazy" width="600" height="280" src="/wp-content/uploads/2021/07/Plitvice-National-Park-Croatia.jpg" alt="Plitvice National Park Croatia" class="wp-image-52" srcset="/wp-content/uploads/2021/07/Plitvice-National-Park-Croatia.jpg 600w, /wp-content/uploads/2021/07/Plitvice-National-Park-Croatia-300x140.jpg 300w" sizes="(max-width: 600px) 100vw, 600px" /><figcaption>Plitvice National Park Croatia</figcaption></figure></div>



<p>Plitvice Natural Park is a 295a-sq-km forest which situated in the centre of Croatia.  It contains a chain of 16 lakes; these lakes are joined by waterfalls. This scene is ideal for swimming and you can also captures these memorable memories by taking pictures. Tourists explore the beauty of nature where you find purity of your soul and you keep yourself free from daily chores. <strong>Holiday Park Fenomen Plitvice</strong>, <strong>Holiday Park Plitvice Paradise</strong>, <strong>Holiday Park Wooden Houses Macola</strong> and <strong>Plitvice Luxury Etno Garden</strong> are considers as the best place to stay over there.</p>



<h2>6.Dubrovnik</h2>



<div class="wp-block-image is-style-rounded"><figure class="aligncenter size-large"><img loading="lazy" width="600" height="280" src="/wp-content/uploads/2021/07/Dubrovnik-Croatia.jpg" alt="Dubrovnik Croatia" class="wp-image-53" srcset="/wp-content/uploads/2021/07/Dubrovnik-Croatia.jpg 600w, /wp-content/uploads/2021/07/Dubrovnik-Croatia-300x140.jpg 300w" sizes="(max-width: 600px) 100vw, 600px" /><figcaption>Dubrovnik Croatia</figcaption></figure></div>



<p>Dubrovnik is one of the most popular places for tourist. Dubrovnik is situated at the southern tip of Craotia off the Adriatic Sea. In Dubrovnik, houses have orange roofs in contrast to sky. Dubrovnik has old town in which you can explore so many old places and building which reflects the traditional values of that time. Historical places include defensive walls, cobblestone streets, magnificent palaces and stunning churches. At night old town presents the romantic view. Dubrovnik also has few famous beaches like <strong>Banje</strong> and <strong>Lapad</strong> which gives you ideal environment for sunbathing, swimming and water sports. <strong>Karmen Apartments,</strong> <strong>Hotel Stari Grad</strong>, <strong>The Pucic Palace</strong> and <strong>Hilton Imperial Dubrovnik</strong> are considered as best places to stay.</p>



<h2>7. <strong>Rovinj</strong></h2>



<div class="wp-block-image is-style-rounded"><figure class="aligncenter size-large"><img loading="lazy" width="600" height="280" src="/wp-content/uploads/2021/07/Rovinj-Croatia.jpg" alt="Rovinj Croatia" class="wp-image-54" srcset="/wp-content/uploads/2021/07/Rovinj-Croatia.jpg 600w, /wp-content/uploads/2021/07/Rovinj-Croatia-300x140.jpg 300w" sizes="(max-width: 600px) 100vw, 600px" /></figure></div>



<p>Rovinj is a fishing port which is situated on the west coast of the Istrian Peninsula. Rovinj has natural beauty which makes it famous for tourists. Rovinj is popular for its historic sites, beautiful landscapes, fabulous dining and modern tourist facilities. Rovinj has old town in which you can explore old buildings, medieval city gates, and the 12th century town clock. Rovinj also has landscapes that offer outdoor activities to tourist like swimming and scuba driving. You can also enjoy to do walk over there with you beloved ones. Hotel Eden, B&amp;B Villa Squero and Hotel Lone are the best places to stay over there.</p>



<h2><span class="has-inline-color has-black-color">8. Hvar Town</span></h2>



<div class="wp-block-image is-style-rounded"><figure class="aligncenter size-large"><img loading="lazy" width="600" height="280" src="/wp-content/uploads/2021/07/Hvar-Town-Croatia.jpg" alt="Hvar Town Croatia" class="wp-image-55" srcset="/wp-content/uploads/2021/07/Hvar-Town-Croatia.jpg 600w, /wp-content/uploads/2021/07/Hvar-Town-Croatia-300x140.jpg 300w" sizes="(max-width: 600px) 100vw, 600px" /></figure></div>



<p>Hvar is a port which situated on the Croatian island off the Dalmatian Coast. Hvar’s main city, Hvar Town is an attractive city which depicts history like 13th century walls and Gothic palaces.. Hvar is the most popular destination for tourists because of its awesome weather. The natural beauty of hvar offers so many outdoor activities and adventures which include swimming, hiking and walk. Boat trip is also available for those tourists who want to visit and explore island. Hvar also has so variety of restaurants from where tourist can enjoy their food. At night there are so many activities for tourist like parties, bars, music and dance. <strong>Amfora Hvar Grand Beach Resort,</strong> <strong>Hotel Podstine</strong> and <strong>Pharos Hvar Hotel </strong>are considered as the best places to stay over there.</p>



<h2>9. <strong>Pula</strong></h2>



<div class="wp-block-image is-style-rounded"><figure class="aligncenter size-large"><img loading="lazy" width="600" height="280" src="/wp-content/uploads/2021/07/Pula-Croatia.jpg" alt="Pula Croatia" class="wp-image-57" srcset="/wp-content/uploads/2021/07/Pula-Croatia.jpg 600w, /wp-content/uploads/2021/07/Pula-Croatia-300x140.jpg 300w" sizes="(max-width: 600px) 100vw, 600px" /><figcaption>Pula Croatia</figcaption></figure></div>



<p><span class="has-inline-color has-black-color">Pula situated at the southern tip of the peninsula in the Adriatic Sea. Pula is famous tourist destination that has attracting the tourist because of it architecture which is mainly Roman-inspired. Many tourist visit here because of it historical attraction. As we all know pula is the Croatian place but Pula is well known for its Roman ruins. Pula offers plenty of activities to tourist. Pula’s natural beauty offer outdoor activities. Pula has historical places which includes old city gates, arches, monasteries which is surrounded by Roman architecture and temples.Pula Cathedral, Pula Market Hall and Lighting Giants installation are best place to visit over there where you can make your trip more memorable. <strong>Boutique Hotel</strong> <strong>Valsabbion</strong>, <strong>Hotel Galija</strong>, and <strong>Boutique Hotel Oasi</strong> are the best accommodation to stay.</span></p>



<blockquote class="wp-block-quote"><p><strong>Architecture is a visual art, and the buildings speak for themselves</strong></p></blockquote>



<h2>10. <strong>Omiš</strong></h2>



<div class="wp-block-image is-style-rounded"><figure class="aligncenter size-large"><img loading="lazy" width="600" height="280" src="/wp-content/uploads/2021/07/Omis-Croatia.jpg" alt="Omiš Croatia" class="wp-image-58" srcset="/wp-content/uploads/2021/07/Omis-Croatia.jpg 600w, /wp-content/uploads/2021/07/Omis-Croatia-300x140.jpg 300w" sizes="(max-width: 600px) 100vw, 600px" /><figcaption>Omiš Croatia</figcaption></figure></div>



<p><span class="has-inline-color has-black-color">Omiš is a town and port which is situated in the Dalmatia region of Croatia. Omis is the second largest city of Croatia which in comprised on 25 kilometers. This city referring you to the endless history to discover. Omis has so many old places which is best way for tourist to discover old times. The medieval wall Mostina with its secret passage, the Church of St.Peter from the 10th century and Turjun fort are the best reminders of history. Besides the old town there are series of beaches along the Omis river makes it popular tourist destination. You can enjoy ourdoor activities overthere which keeps you happy and fresh. Mirabella Fortress, Climbing the Starigrad Fortress, Boat Trip on Cetina River and Beaches of the Omis Riviera are the best destinations to visit. <strong>Hotel Plaža Duće</strong>, <strong>Hotel Nestos</strong>, <strong>Hotel Plaža</strong> and <strong>Villa MiraMar</strong> are the best place to stay over there.</span></p>



<h2><strong>Conclusion</strong>:</h2>



<p><span class="has-inline-color has-black-color">I would like to end up this discussion by saying that if you want to make your vacation memorable you should visit over here. Above mention places are the highly recommended for tourists; these places have so many things which reflect natural beauty and peaceful environment. As we all know nature can heal you. You can fill your life with everlasting memories with your loved ones. You should visit Croatia and make your vacation and honeymoon trip more memorable and you can capture these moments by taking pictures. Moments ends but memories never end.</span></p>



<blockquote class="wp-block-quote"><p><strong>Heaven is under our feet as well as over our heads</strong></p></blockquote>



<p></p>
]]></content:encoded>
					
					<wfw:commentRss>/top-tourist-attractive-destinations-croatia/feed/</wfw:commentRss>
			<slash:comments>0</slash:comments>
		
		
			</item>
	</channel>
</rss>
