<?xml version="1.0" encoding="UTF-8"?><rss version="2.0"
	xmlns:content="http://purl.org/rss/1.0/modules/content/"
	xmlns:dc="http://purl.org/dc/elements/1.1/"
	xmlns:atom="http://www.w3.org/2005/Atom"
	xmlns:sy="http://purl.org/rss/1.0/modules/syndication/"
	
	>
<channel>
	<title>
	Comments on: 10 Most Attractive Tourist Spots in Norway &#8211; Ten Travel Ideas	</title>
	<atom:link href="/attractive-tourist-spots-in-norway/feed/" rel="self" type="application/rss+xml" />
	<link>/attractive-tourist-spots-in-norway/</link>
	<description>Places You Must Visit Before Die</description>
	<lastBuildDate>Mon, 16 Aug 2021 06:54:47 +0000</lastBuildDate>
	<sy:updatePeriod>
	hourly	</sy:updatePeriod>
	<sy:updateFrequency>
	1	</sy:updateFrequency>
	<generator>https://wordpress.org/?v=5.8.1</generator>
</channel>
</rss>
