<?xml version="1.0" encoding="UTF-8"?><rss version="2.0"
	xmlns:content="http://purl.org/rss/1.0/modules/content/"
	xmlns:wfw="http://wellformedweb.org/CommentAPI/"
	xmlns:dc="http://purl.org/dc/elements/1.1/"
	xmlns:atom="http://www.w3.org/2005/Atom"
	xmlns:sy="http://purl.org/rss/1.0/modules/syndication/"
	xmlns:slash="http://purl.org/rss/1.0/modules/slash/"
	>

<channel>
	<title>Beautiful Places in Spain</title>
	<atom:link href="/tag/beautiful-places-in-spain/feed/" rel="self" type="application/rss+xml" />
	<link>/</link>
	<description>Places You Must Visit Before Die</description>
	<lastBuildDate>Thu, 19 Aug 2021 06:11:41 +0000</lastBuildDate>
	<language>en</language>
	<sy:updatePeriod>
	hourly	</sy:updatePeriod>
	<sy:updateFrequency>
	1	</sy:updateFrequency>
	<generator>https://wordpress.org/?v=5.8.1</generator>

<image>
	<url>/wp-content/uploads/2021/07/cropped-favicon-32x32.png</url>
	<title>Beautiful Places in Spain</title>
	<link>/</link>
	<width>32</width>
	<height>32</height>
</image> 
	<item>
		<title>10 Most Beautiful Places in Spain &#8211; Ten Travel Ideas</title>
		<link>/10-beautiful-places-in-spain/</link>
					<comments>/10-beautiful-places-in-spain/#respond</comments>
		
		<dc:creator><![CDATA[admin]]></dc:creator>
		<pubDate>Thu, 19 Aug 2021 06:11:39 +0000</pubDate>
				<category><![CDATA[Top Destinations]]></category>
		<category><![CDATA[Beautiful Places in Spain]]></category>
		<guid isPermaLink="false">/?p=184</guid>

					<description><![CDATA[Spain is a European country situated on the Iberian Peninsula. Spain is the second most visited country in the world which brings many tourists each year. It offers numerous festivals that make your holidays more memorable. You can enjoy a variety of foods Mild climate and the sandy beaches of the Mediterranean are the major ... <a title="10 Most Beautiful Places in Spain &#8211; Ten Travel Ideas" class="read-more" href="/10-beautiful-places-in-spain/" aria-label="More on 10 Most Beautiful Places in Spain &#8211; Ten Travel Ideas">Read more</a>]]></description>
										<content:encoded><![CDATA[
<p>Spain is a European country situated on the Iberian Peninsula. Spain is the second most visited country in the world which brings many tourists each year. It offers numerous festivals that make your holidays more memorable. You can enjoy a variety of foods Mild climate and the sandy beaches of the <strong>Mediterranean</strong> are the major attraction for tourists. The <strong>Balearic Islands</strong> and the <strong>Canary Islands</strong> these two islands have been attracting tourists over here for decades. If you are deciding on your vacation in Europe you should add Spain to your itinerary.</p>



<blockquote class="wp-block-quote"><p><strong>Traveling leaves you speechless then turns you into a story teller</strong>&#8230;</p></blockquote>



<h2>1. San Sebastian Spain</h2>



<div class="wp-block-image is-style-rounded"><figure class="aligncenter size-full"><img loading="lazy" width="600" height="280" src="/wp-content/uploads/2021/08/San-Sebastian-Spain.png" alt="San Sebastian Spain" class="wp-image-186" srcset="/wp-content/uploads/2021/08/San-Sebastian-Spain.png 600w, /wp-content/uploads/2021/08/San-Sebastian-Spain-300x140.png 300w" sizes="(max-width: 600px) 100vw, 600px" /><figcaption>San Sebastian Spain</figcaption></figure></div>



<p>San Sebastian is one of the popular resort towns for vacations on the Bay of Biscay in Spain. It is the best place for water-lovers to visit. Adventurous visitors can enjoy a variety of water sports and outdoor activities like surfing and water skiing. Tourists can also explore architectural monuments, which depict you history of that place. It has one of the most renowned European resorts that are the main attraction for tourists. July and August are the best months to visit over here.</p>



<p><strong><u>Accommodation: </u></strong>  Room Mate Gorka, Atotxa Rooms and Pensión Aia.</p>



<h2>2. Puerto de Mogán Spain </h2>



<div class="wp-block-image is-style-rounded"><figure class="aligncenter size-full"><img loading="lazy" width="600" height="280" src="/wp-content/uploads/2021/08/Puerto-de-Mogan-Spain.png" alt="Puerto de Mogán Spain" class="wp-image-187" srcset="/wp-content/uploads/2021/08/Puerto-de-Mogan-Spain.png 600w, /wp-content/uploads/2021/08/Puerto-de-Mogan-Spain-300x140.png 300w" sizes="(max-width: 600px) 100vw, 600px" /><figcaption>Puerto de Mogán Spain</figcaption></figure></div>



<p>Puerto de Mogán is one of the most beautiful villages to visit, situated on the resort of Gran Canaria. It has many small canals so its offers fresh fish to the local restaurants. Friday fish market attracts tourists from all around the island. You can also explore various gardens which give a glorious view of colorful flowers. It has many beaches where you can enjoy swimming and sunbathe.</p>



<p><strong><u>Accommodation: </u></strong>  Mogan Sol, Lina Mogan and Amarre Bay.</p>



<h2>3. Majorca Spain </h2>



<div class="wp-block-image is-style-rounded"><figure class="aligncenter size-full"><img loading="lazy" width="600" height="280" src="/wp-content/uploads/2021/08/Majorca-Spain.png" alt="Majorca Spain" class="wp-image-188" srcset="/wp-content/uploads/2021/08/Majorca-Spain.png 600w, /wp-content/uploads/2021/08/Majorca-Spain-300x140.png 300w" sizes="(max-width: 600px) 100vw, 600px" /><figcaption>Majorca Spain</figcaption></figure></div>



<p>Majorca is one of the famous Spanish islands which attract many tourists each year. It is well known for its beach resorts, Limestone Mountains, and for sheltered coves. You can make your holidays more memorable by experiences nature. The climate of Majorca is mild wherever you visit, you can see the beauty of the Mediterranean lifestyle. Its gives scenic vide of mountains and beach. You should visit over here and make your vacations more fantastic.</p>



<p><strong><u>Accommodation: </u></strong>  Samaritana Suites and Nou Baleares.</p>



<h2>4. Menorca Spain </h2>



<div class="wp-block-image is-style-rounded"><figure class="aligncenter size-full"><img loading="lazy" width="600" height="280" src="/wp-content/uploads/2021/08/Menorca-Spain.png" alt="Menorca Spain" class="wp-image-189" srcset="/wp-content/uploads/2021/08/Menorca-Spain.png 600w, /wp-content/uploads/2021/08/Menorca-Spain-300x140.png 300w" sizes="(max-width: 600px) 100vw, 600px" /><figcaption>Menorca Spain</figcaption></figure></div>



<p>Menorca is a highly recommended place to visit in Spain, located on the <strong>Mediterranean Sea</strong>. It is smaller than Majorca. It is well known for its endless beaches. You can explore the crystal clear water where it seems that the boat is floating in the air. Tourists can also enjoy many outdoor activities; beaches make your holidays more exciting. Its ideal mild temperature makes it famous for tourism. You can also able to see various monuments over here.</p>



<p><strong><u>Accommodation: </u></strong>  Hotel Casa Miranda and Noualt.</p>



<h2>5. Costa Brava Spain </h2>



<div class="wp-block-image is-style-rounded"><figure class="aligncenter size-full"><img loading="lazy" width="600" height="280" src="/wp-content/uploads/2021/08/Costa-Brava-Spain.png" alt="Costa Brava Spain" class="wp-image-191" srcset="/wp-content/uploads/2021/08/Costa-Brava-Spain.png 600w, /wp-content/uploads/2021/08/Costa-Brava-Spain-300x140.png 300w" sizes="(max-width: 600px) 100vw, 600px" /><figcaption>Costa Brava Spain</figcaption></figure></div>



<p>Costa Brava is a coastal area that is considered a famous destination for tourism in northeastern Spain. Here you can explore the little villages and stunning beaches; <strong>mountains rocky coastlines</strong>. Tourists can visit Spain’s best beaches over here; these beaches are surrounded by rocky formations. It also has many <strong>charming towns</strong>’ <strong>historic villages</strong> which leave a calm effect on you.</p>



<p><strong><u>Accommodation: </u></strong>  Hotel Calina and Hotel Delfín.</p>



<h2>6. Tenerife Spain </h2>



<div class="wp-block-image is-style-rounded"><figure class="aligncenter size-full"><img loading="lazy" width="600" height="280" src="/wp-content/uploads/2021/08/Tenerife-Spain.png" alt="Tenerife Spain" class="wp-image-192" srcset="/wp-content/uploads/2021/08/Tenerife-Spain.png 600w, /wp-content/uploads/2021/08/Tenerife-Spain-300x140.png 300w" sizes="(max-width: 600px) 100vw, 600px" /><figcaption>Tenerife Spain</figcaption></figure></div>



<p>Tenerife is one of the largest and reputed islands of the <strong>Canary Islands</strong>. You can see luxury hotels as well budget-friendly hotels over here. Tenerife has a mild temperature you can do thousand of things over here which will make your holidays more exciting. Tenerife is well known for its <strong>Mount Teide</strong>, the world’s tallest volcano. Almost two million tourists visit here each year, just to explore the scenic view of here. Tourists can also visit the <strong>Teide national park</strong> in central Tenerife.</p>



<p><strong><u>Accommodation: </u></strong>  Fantasia Bahia Principe Tenerife, Los Duendes del Sur and Green Garden Resort.</p>



<h2>7. The Sagrada Familia Spain </h2>



<div class="wp-block-image is-style-rounded"><figure class="aligncenter size-full"><img loading="lazy" width="600" height="280" src="/wp-content/uploads/2021/08/The-Sagrada-Familia-Spain.png" alt="The Sagrada Familia Spain" class="wp-image-193" srcset="/wp-content/uploads/2021/08/The-Sagrada-Familia-Spain.png 600w, /wp-content/uploads/2021/08/The-Sagrada-Familia-Spain-300x140.png 300w" sizes="(max-width: 600px) 100vw, 600px" /><figcaption>The Sagrada Familia Spain</figcaption></figure></div>



<p>The Sagrada Familia is one of the best places to visit over here, located in the city of Barcelona. It is one of the most famous works in Barcelona where you see the contrast of stone color in the building which gives you artistic effect. It depicts the combination of Gothic and Modern in highly unique way.</p>



<p><strong><u>Accommodation: </u></strong>  Acta Antibes, Hotel Glòries and Gaudi Flats.</p>



<h2>8. Alhambra Spain</h2>



<div class="wp-block-image is-style-rounded"><figure class="aligncenter size-full"><img loading="lazy" width="600" height="280" src="/wp-content/uploads/2021/08/Alhambra-Spain.png" alt="Alhambra Spain" class="wp-image-194" srcset="/wp-content/uploads/2021/08/Alhambra-Spain.png 600w, /wp-content/uploads/2021/08/Alhambra-Spain-300x140.png 300w" sizes="(max-width: 600px) 100vw, 600px"><figcaption> Alhambra Spain </figcaption></figure></div>



<p>If you are planning your vacations in you should visit Alhambra, located in the beautiful city of Granda in Andalucia. The Alhambra is well known for its Palace and fortress. In the year 899, it was constructed as a small fortress; later it was rebuilt as a palace in the mid-eleventh century. <strong>Lions Patio</strong>, the <strong>Royal Manor</strong>, and the <strong>exquisite Alcazaba</strong> are the best spots to visit over here. Tourists can also visit monuments and museums to know the history and culture.</p>



<p><strong><u>Accommodation: </u></strong>  Hotel Alhambra Palace and Palacio de Santa Ines.</p>



<h2>9. Reina Sofia National Art Museum Spain </h2>



<div class="wp-block-image is-style-rounded"><figure class="aligncenter size-full"><img loading="lazy" width="600" height="280" src="/wp-content/uploads/2021/08/Reina-Sofia-National-Art-Museum-Spain.png" alt="Reina Sofia National Art Museum Spain" class="wp-image-195" srcset="/wp-content/uploads/2021/08/Reina-Sofia-National-Art-Museum-Spain.png 600w, /wp-content/uploads/2021/08/Reina-Sofia-National-Art-Museum-Spain-300x140.png 300w" sizes="(max-width: 600px) 100vw, 600px" /><figcaption>Reina Sofia National Art Museum Spain</figcaption></figure></div>



<p>Museo Nacional Centro de Arte Reina Sofía is highly recommended museum to visit in Spain. The museums are divided into several floors. The permanent collection is on the second floor, and temporary exhibitions are in the museum&#8217;s main venue. You can explore the history by visiting over here; it also creates new exhibition areas in 2005 where up to 500 people can sit. You should visit over here and explore the historic art.</p>



<p><strong><u>Accommodation: </u></strong>  Hotel NH Madrid Nacional, UMA House Atocha and Atocha Residence.</p>



<h2>10. Alcazar of Segovia Spain </h2>



<div class="wp-block-image is-style-rounded"><figure class="aligncenter size-full"><img loading="lazy" width="600" height="280" src="/wp-content/uploads/2021/08/Alcazar-of-Segovia-Spain.png" alt="Alcazar of Segovia Spain" class="wp-image-196" srcset="/wp-content/uploads/2021/08/Alcazar-of-Segovia-Spain.png 600w, /wp-content/uploads/2021/08/Alcazar-of-Segovia-Spain-300x140.png 300w" sizes="(max-width: 600px) 100vw, 600px" /><figcaption>Alcazar of Segovia Spain</figcaption></figure></div>



<p>The Alcazar of Segovia is one of the most beautiful castles in Spain. Its unique shape makes it an ideal destination for tourism. Tourists can visit the many areas of the castle like the throne room, the john tower, and the outer walls. Tourist should come over here and makes your tour more memorable by visiting such royal palaces.</p>



<p><strong><u>Accommodation: </u></strong>&nbsp;&nbsp;Hotel Real Segovia, Hotel Cándido and Hotel Don Felipe.</p>



<h2> </h2>
]]></content:encoded>
					
					<wfw:commentRss>/10-beautiful-places-in-spain/feed/</wfw:commentRss>
			<slash:comments>0</slash:comments>
		
		
			</item>
	</channel>
</rss>
