<?xml version="1.0" encoding="UTF-8"?><rss version="2.0"
	xmlns:content="http://purl.org/rss/1.0/modules/content/"
	xmlns:dc="http://purl.org/dc/elements/1.1/"
	xmlns:atom="http://www.w3.org/2005/Atom"
	xmlns:sy="http://purl.org/rss/1.0/modules/syndication/"
	
	>
<channel>
	<title>
	Comments on: Top-Rated 10 Most Beautiful Places in France	</title>
	<atom:link href="/top-rated-10-beautiful-places-france/feed/" rel="self" type="application/rss+xml" />
	<link>/top-rated-10-beautiful-places-france/</link>
	<description>Places You Must Visit Before Die</description>
	<lastBuildDate>Tue, 27 Jul 2021 07:08:43 +0000</lastBuildDate>
	<sy:updatePeriod>
	hourly	</sy:updatePeriod>
	<sy:updateFrequency>
	1	</sy:updateFrequency>
	<generator>https://wordpress.org/?v=5.8.1</generator>
</channel>
</rss>
