<?xml version="1.0" encoding="UTF-8"?><rss version="2.0"
	xmlns:content="http://purl.org/rss/1.0/modules/content/"
	xmlns:dc="http://purl.org/dc/elements/1.1/"
	xmlns:atom="http://www.w3.org/2005/Atom"
	xmlns:sy="http://purl.org/rss/1.0/modules/syndication/"
	
	>
<channel>
	<title>
	Comments on: 10 Most Attractive National Parks in California &#8211; Ten Travel Ideas	</title>
	<atom:link href="/10-most-attractive-national-parks-in-california-ten-travel-ideas/feed/" rel="self" type="application/rss+xml" />
	<link>/10-most-attractive-national-parks-in-california-ten-travel-ideas/</link>
	<description>Places You Must Visit Before Die</description>
	<lastBuildDate>Fri, 20 Aug 2021 10:43:51 +0000</lastBuildDate>
	<sy:updatePeriod>
	hourly	</sy:updatePeriod>
	<sy:updateFrequency>
	1	</sy:updateFrequency>
	<generator>https://wordpress.org/?v=5.8.1</generator>
</channel>
</rss>
