<?xml version="1.0" encoding="UTF-8"?><rss version="2.0"
	xmlns:content="http://purl.org/rss/1.0/modules/content/"
	xmlns:wfw="http://wellformedweb.org/CommentAPI/"
	xmlns:dc="http://purl.org/dc/elements/1.1/"
	xmlns:atom="http://www.w3.org/2005/Atom"
	xmlns:sy="http://purl.org/rss/1.0/modules/syndication/"
	xmlns:slash="http://purl.org/rss/1.0/modules/slash/"
	>

<channel>
	<title>Best Places in Switzerland</title>
	<atom:link href="/tag/best-places-in-switzerland/feed/" rel="self" type="application/rss+xml" />
	<link>/</link>
	<description>Places You Must Visit Before Die</description>
	<lastBuildDate>Wed, 14 Jul 2021 14:58:59 +0000</lastBuildDate>
	<language>en</language>
	<sy:updatePeriod>
	hourly	</sy:updatePeriod>
	<sy:updateFrequency>
	1	</sy:updateFrequency>
	<generator>https://wordpress.org/?v=5.8.1</generator>

<image>
	<url>/wp-content/uploads/2021/07/cropped-favicon-32x32.png</url>
	<title>Best Places in Switzerland</title>
	<link>/</link>
	<width>32</width>
	<height>32</height>
</image> 
	<item>
		<title>Top 10 Best Places Must Visit in Switzerland</title>
		<link>/top-10-best-places-must-visit-in-switzerland/</link>
					<comments>/top-10-best-places-must-visit-in-switzerland/#respond</comments>
		
		<dc:creator><![CDATA[admin]]></dc:creator>
		<pubDate>Wed, 14 Jul 2021 11:14:55 +0000</pubDate>
				<category><![CDATA[Top Destinations]]></category>
		<category><![CDATA[Best Places in Switzerland]]></category>
		<guid isPermaLink="false">/?p=13</guid>

					<description><![CDATA[The best view comes after the hardest climb Switzerland is a European country which surrounds by mountains, numerous lakes, villages and high peaks of the Alps. Switzerland is blessed with natural beauty. It is well known for its tourist attraction and for its ski resorts. It is highly recommended for summer trips and for honeymoon ... <a title="Top 10 Best Places Must Visit in Switzerland" class="read-more" href="/top-10-best-places-must-visit-in-switzerland/" aria-label="More on Top 10 Best Places Must Visit in Switzerland">Read more</a>]]></description>
										<content:encoded><![CDATA[
<h2>The best view comes after the hardest climb</h2>



<p class="has-text-align-left">Switzerland is a European country which surrounds by mountains, numerous lakes, villages and high peaks of the Alps. Switzerland is blessed with natural beauty. It is well known for its tourist attraction and for its ski resorts. It is highly recommended for summer trips and for honeymoon trips. You find so many romantic places over there which are best for newlywed couples. Switzerland makes your trip and your honeymoon more memorable with the beauty of nature.</p>



<h2>1. <strong>Zurich </strong></h2>



<blockquote class="wp-block-quote"><p><strong>Nature can heal your soul</strong></p></blockquote>



<div class="wp-block-image"><figure class="aligncenter size-large"><img loading="lazy" width="600" height="280" src="/wp-content/uploads/2021/07/Zurich-switzerland.jpg" alt="Zurich switzerland" class="wp-image-19" srcset="/wp-content/uploads/2021/07/Zurich-switzerland.jpg 600w, /wp-content/uploads/2021/07/Zurich-switzerland-300x140.jpg 300w" sizes="(max-width: 600px) 100vw, 600px"><figcaption><strong>Zurich</strong> Switzerland</figcaption></figure></div>



<p>The Zurich city lies at the end of lake. Its shows beautiful view of benthic. Zurich is our top recommendation if you want to visit Switzerland during the summer. You can do swimming, sailing and strolling along with blue water over there. There are so many museums, art galleries parks you can go there to feels peaceful relaxing environment. <strong>Widder Hotel</strong>, <strong>The Dolger grand</strong> and <strong>best western plus hotel</strong> are the best places to stay in Zurich. Zurich is one of the most romantic place and it considered as best place for honeymoon.</p>



<h2>2. <strong>Geneva</strong> </h2>



<div class="wp-block-image"><figure class="aligncenter size-large"><img loading="lazy" width="600" height="280" src="/wp-content/uploads/2021/07/Geneva-Switzerland.jpg" alt="Geneva Switzerland" class="wp-image-20" srcset="/wp-content/uploads/2021/07/Geneva-Switzerland.jpg 600w, /wp-content/uploads/2021/07/Geneva-Switzerland-300x140.jpg 300w" sizes="(max-width: 600px) 100vw, 600px"><figcaption><strong>Geneva</strong> Switzerland</figcaption></figure></div>



<p>Geneva lies at the tip of Lake Geneva. Geneva has romantic, appealing and dramatic views.It is surrounded by mountains. Geneva id highly recommended for newlywed couples to visits and stay here to make your beginning of new upcoming life more beautiful. Geneva considered best amongst the popular honeymoon destinations. <strong>Hotel d’Angleterre,</strong> <strong>Mandarin Oriental</strong> and <strong>Ibis styles Geneve station hotel</strong> are the best place to stay.</p>



<p><strong>“A honeymoon is an opportunity for a couple to know eachother and love each other”</strong></p>



<h2>3. <strong>Lugano</strong></h2>



<div class="wp-block-image"><figure class="aligncenter size-large"><img loading="lazy" width="600" height="280" src="/wp-content/uploads/2021/07/Lugano-Switzerland.jpg" alt="Lugano Switzerland" class="wp-image-22" srcset="/wp-content/uploads/2021/07/Lugano-Switzerland.jpg 600w, /wp-content/uploads/2021/07/Lugano-Switzerland-300x140.jpg 300w" sizes="(max-width: 600px) 100vw, 600px"><figcaption><strong>Lugano</strong> Switzerland</figcaption></figure></div>



<p>Lugano located in the heart of Europe and it is largest town which joins the Switzerland and Italy. Summer is considered as the best time to visit here. Lugano is surrounded by mountains. So, it is best for hiking and surfing. <strong>Giardino Violetta</strong>, <strong>Villa Girandola with private</strong> <strong>heated pool</strong>, <strong>Romantic Bijou</strong> and <strong>Casa Monttruc</strong> are the well known places to stay in Lugano.</p>



<h2>4. <strong>Montreux</strong></h2>



<div class="wp-block-image"><figure class="aligncenter size-large"><img loading="lazy" width="600" height="280" src="/wp-content/uploads/2021/07/Montreux-Switzerland.jpg" alt="Montreux Switzerland" class="wp-image-23" srcset="/wp-content/uploads/2021/07/Montreux-Switzerland.jpg 600w, /wp-content/uploads/2021/07/Montreux-Switzerland-300x140.jpg 300w" sizes="(max-width: 600px) 100vw, 600px"><figcaption><strong>Montreux</strong> Switzerland</figcaption></figure></div>



<p>Montreus is a traditional resort town on Lake Geneva, located between the hills and lakeside. Montreux shows you charming and soul satisfying scene of flowers and Mediterranean trees. You can enjoy the appealing and mind blowing views over here. <strong>Hotel Eurotel</strong> and <strong>Hotel Victoria</strong> considered as the best place to stay.</p>



<h2>5. <strong>Rhine Falls</strong></h2>



<div class="wp-block-image"><figure class="aligncenter size-large"><img loading="lazy" width="600" height="280" src="/wp-content/uploads/2021/07/Rhine-Falls-switzerland.jpg" alt="Rhine Falls switzerland" class="wp-image-24" srcset="/wp-content/uploads/2021/07/Rhine-Falls-switzerland.jpg 600w, /wp-content/uploads/2021/07/Rhine-Falls-switzerland-300x140.jpg 300w" sizes="(max-width: 600px) 100vw, 600px"><figcaption>Rhine Falls Switzerland </figcaption></figure></div>



<p><strong>“The water fall is nature’s laughter”</strong></p>



<p>The Rhine fall considered as most powerful waterfall in Europe. Rhine fall is the highly recommended place to visit during summers. During the summer, the water density is on its peak and you will get a charming view of waterfall. You can enjoy the boat trip and also captures the beautiful moment by taking pictures with beloved ones.</p>



<h2>6. <strong>Matterhorn</strong></h2>



<div class="wp-block-image"><figure class="aligncenter size-large"><img loading="lazy" width="600" height="280" src="/wp-content/uploads/2021/07/Matterhorn.jpg" alt="Matterhorn" class="wp-image-27" srcset="/wp-content/uploads/2021/07/Matterhorn.jpg 600w, /wp-content/uploads/2021/07/Matterhorn-300x140.jpg 300w" sizes="(max-width: 600px) 100vw, 600px"><figcaption><strong>Matterhorn</strong> Switzerland</figcaption></figure></div>



<p>The Matterhon is mountain located at one of the highest mountain i.e Alps. Matterhorn is also acted as a border which separate Switzerland from itlay. Hiking is the best thing to do here. Mont Cervin Palace, Hermitage Hotel &amp; Spa and CERVO Mountain Resort are the best places to stay in Matterhon. Many people climb Matterhorn during the summer. In total, up to 150 climbers attempt the Matterhorn each day during summer. Several die each year while climbing in summer due to various reasons</p>



<blockquote class="wp-block-quote"><p>“Take me to the Mountains”</p></blockquote>



<h2>7. Hinterdorf</h2>



<div class="wp-block-image"><figure class="aligncenter size-large"><img loading="lazy" width="600" height="280" src="/wp-content/uploads/2021/07/Hinterdorf.jpg" alt="Hinterdorf" class="wp-image-29" srcset="/wp-content/uploads/2021/07/Hinterdorf.jpg 600w, /wp-content/uploads/2021/07/Hinterdorf-300x140.jpg 300w" sizes="(max-width: 600px) 100vw, 600px"><figcaption>Hinterdorf Switzerland</figcaption></figure></div>



<p>Hinterdorf is the old part of village of Zermatt. You will feel happier by exploring Hinterdorf. You will find the houses of old designs which consist of wooden sticks and with roofs of stone which protect the houses from the snow.</p>



<blockquote class="wp-block-quote"><p><strong>“Old Places have Soul”</strong></p></blockquote>



<h2>8. Interlaken</h2>



<div class="wp-block-image"><figure class="aligncenter size-large"><img loading="lazy" width="600" height="280" src="/wp-content/uploads/2021/07/Interlaken.jpg" alt="Interlaken Switzerland" class="wp-image-30" srcset="/wp-content/uploads/2021/07/Interlaken.jpg 600w, /wp-content/uploads/2021/07/Interlaken-300x140.jpg 300w" sizes="(max-width: 600px) 100vw, 600px" /></figure></div>



<p>Interlaken lies between the Lake Thun to the west and Lake Brienze to the east.&nbsp; There are so many beautiful resorts which makes your summer more beautiful. Swiss Inn &amp; Apartments, Aparthotel Goldey and Minze are the best places to stay. Interlaken is highly recommended to visits in summer holidays. You can enjoy chair lifts, car cables, paragliding and snowboarding over there.</p>



<blockquote class="wp-block-quote"><p><strong>“Open the wings of freedom and make your dream true of flying in the air”</strong></p></blockquote>



<h2>9. <strong>Bahnhofstrasse</strong></h2>



<div class="wp-block-image"><figure class="aligncenter size-large"><img loading="lazy" width="600" height="280" src="/wp-content/uploads/2021/07/Bahnhofstrasse.jpg" alt="Bahnhofstrasse Switzerland" class="wp-image-31" srcset="/wp-content/uploads/2021/07/Bahnhofstrasse.jpg 600w, /wp-content/uploads/2021/07/Bahnhofstrasse-300x140.jpg 300w" sizes="(max-width: 600px) 100vw, 600px" /><figcaption>Bahnhofstrasse Switzerland</figcaption></figure></div>



<p>Bahnhofstrasse is one of the world’s most expensive shopping avenue in Zurich. Bahnhofstrasse is the place where you find a lot of good designer’s shops from where you bought gift for you beloved ones. It came into existence in 1864.&nbsp; Heugümper, Zeughauskeller and Aurora are the best places to eat over here.</p>



<blockquote class="wp-block-quote"><p><strong>“Happiness is not in Money but in shopping”</strong></p></blockquote>



<h2>10. <strong>Bern</strong></h2>



<div class="wp-block-image"><figure class="aligncenter size-large"><img loading="lazy" width="600" height="280" src="/wp-content/uploads/2021/07/Bern-switzerland.jpg" alt="Bern switzerland" class="wp-image-32" srcset="/wp-content/uploads/2021/07/Bern-switzerland.jpg 600w, /wp-content/uploads/2021/07/Bern-switzerland-300x140.jpg 300w" sizes="(max-width: 600px) 100vw, 600px" /><figcaption>Bern Switzerland </figcaption></figure></div>



<p>Bern is the capital of Switzerland which located around the Aare River. Bern is blessed by natural beauty, surrounded by mountains and Aare river It is best known for its high quality of life , for good culture and tourist attraction. It is the gateway to Alps. Kunstmuseum, Einstein Haus, Rosengarten, Berner Münster and Clock Tower are the best places to visits over here. Berns reflects the medieval era lifestyle as It finds it origins back to the 12<sup>th</sup> century.</p>



<h2>Conclusion:</h2>



<p>These places are considered as best destination for summer trips. You can make your vacation more enjoyable and memorable by exploring over there. Switzerland is blessed with natural beauty and as we all knows that natural beauty has healing power. Natural beauty keeps our mind fresh and active overall we all need some break from daily exhausted routine. At the end i would like to conclude by saying that these above mention places are highly recommended. So, you should go there and filled your life with colorful everlasting memories.</p>
]]></content:encoded>
					
					<wfw:commentRss>/top-10-best-places-must-visit-in-switzerland/feed/</wfw:commentRss>
			<slash:comments>0</slash:comments>
		
		
			</item>
	</channel>
</rss>
