<?xml version="1.0" encoding="UTF-8"?><rss version="2.0"
	xmlns:content="http://purl.org/rss/1.0/modules/content/"
	xmlns:wfw="http://wellformedweb.org/CommentAPI/"
	xmlns:dc="http://purl.org/dc/elements/1.1/"
	xmlns:atom="http://www.w3.org/2005/Atom"
	xmlns:sy="http://purl.org/rss/1.0/modules/syndication/"
	xmlns:slash="http://purl.org/rss/1.0/modules/slash/"
	>

<channel>
	<title>10 Places to Visit in Canada</title>
	<atom:link href="/tag/10-places-to-visit-in-canada/feed/" rel="self" type="application/rss+xml" />
	<link>/</link>
	<description>Places You Must Visit Before Die</description>
	<lastBuildDate>Sat, 17 Jul 2021 07:13:33 +0000</lastBuildDate>
	<language>en</language>
	<sy:updatePeriod>
	hourly	</sy:updatePeriod>
	<sy:updateFrequency>
	1	</sy:updateFrequency>
	<generator>https://wordpress.org/?v=5.8.1</generator>

<image>
	<url>/wp-content/uploads/2021/07/cropped-favicon-32x32.png</url>
	<title>10 Places to Visit in Canada</title>
	<link>/</link>
	<width>32</width>
	<height>32</height>
</image> 
	<item>
		<title>10 Most Beautiful Places to Visit in Canada</title>
		<link>/10-beautiful-places-to-visit-canada/</link>
					<comments>/10-beautiful-places-to-visit-canada/#respond</comments>
		
		<dc:creator><![CDATA[admin]]></dc:creator>
		<pubDate>Sat, 17 Jul 2021 07:13:30 +0000</pubDate>
				<category><![CDATA[Top Destinations]]></category>
		<category><![CDATA[10 Places to Visit in Canada]]></category>
		<guid isPermaLink="false">/?p=60</guid>

					<description><![CDATA[Canada is a country which is situated in North America. Canada has ten provinces and three territories. Canada extend from the Atlantic to the pacific and northward into Arctic Ocean. Canada is world second largest country by area. Canada is the best place for tourist to visit. Canada is blessed with natural beauty that you ... <a title="10 Most Beautiful Places to Visit in Canada" class="read-more" href="/10-beautiful-places-to-visit-canada/" aria-label="More on 10 Most Beautiful Places to Visit in Canada">Read more</a>]]></description>
										<content:encoded><![CDATA[
<p class="has-drop-cap">Canada is a country which is situated in North America. Canada has ten provinces and three territories. Canada extend from the Atlantic to the pacific and northward into <strong>Arctic Ocean</strong>. Canada is world second largest country by area. Canada is the best place for tourist to visit. Canada is blessed with natural beauty that you can’t find anywhere else. You will find First class entertainment, enjoyment and accommodation which will makes you summer vacation more memorable. Canada offers so many events for Child and for couples as well. </p>



<p><strong>Canada is one of the most impressive countries in the world</strong>.</p>



<h2>1.<strong><em><u>Toronto</u></em></strong></h2>



<div class="wp-block-image is-style-rounded"><figure class="aligncenter size-large"><img loading="lazy" width="600" height="280" src="/wp-content/uploads/2021/07/toronto-canada.jpg" alt="toronto canada" class="wp-image-63" srcset="/wp-content/uploads/2021/07/toronto-canada.jpg 600w, /wp-content/uploads/2021/07/toronto-canada-300x140.jpg 300w" sizes="(max-width: 600px) 100vw, 600px"><figcaption>Toronto Canada</figcaption></figure></div>



<p class="has-drop-cap">Toronto is the Capital of Ontario, Largest city in Canada .Toronto is considered as most famous for tourist because it attracts the tourist with its iconic architecture. CN Tower, Toronto Island, Casa Loma and the Toronto Zoo are popular destinations over there which attracts the tourist. Toronto also has world popular museums which includes <strong>Art Gallery of Ontario</strong> (the AGO) and the <strong>Royal Ontario Museum</strong> (the ROM). Toronto also has beaches and High Park which gives you peaceful environment where you enjoy your time with your beloved ones and makes it memorable.</p>



<p><strong><u>Accommodation: </u></strong>    Delta Toronto by Marriott, Ritz-Carlton and The Omni King Edward Hotel.</p>



<h2>2. <strong><em><u>Ottawa</u></em></strong></h2>



<div class="wp-block-image is-style-rounded"><figure class="aligncenter size-large"><img loading="lazy" width="600" height="280" src="/wp-content/uploads/2021/07/Ottawa-canada.jpg" alt="Ottawa canada" class="wp-image-65" srcset="/wp-content/uploads/2021/07/Ottawa-canada.jpg 600w, /wp-content/uploads/2021/07/Ottawa-canada-300x140.jpg 300w" sizes="(max-width: 600px) 100vw, 600px"></figure></div>



<p class="has-drop-cap">Ottawa is the capital of Canada which is situated in the east of southern Ontario. Ottawa is famous for its centre parliament hill, with grand Victorian architecture. Ottawa has Canadian War museum where tourists can explores the history of Canada’s military events, besides the War museum it also has other museums as well. Ottawa also celebrates winterlude in each February which attracts the winter lovers. While in waterlude events you can also enjoy water games.</p>



<p><strong><u>Accommodation: </u></strong>  Fairmont Chateau Laurier, The Westin Ottawa and The Business Inn &amp; Suites.</p>



<h2>3.<strong><em><u>Tofino</u></em></strong></h2>



<div class="wp-block-image is-style-rounded"><figure class="aligncenter size-large"><img loading="lazy" width="600" height="280" src="/wp-content/uploads/2021/07/Tofino-canada.jpg" alt="Tofino canada" class="wp-image-67" srcset="/wp-content/uploads/2021/07/Tofino-canada.jpg 600w, /wp-content/uploads/2021/07/Tofino-canada-300x140.jpg 300w" sizes="(max-width: 600px) 100vw, 600px"></figure></div>



<p class="has-drop-cap">Tofino is a small district which located on Vancouver Island. Tofino is characterized by natural beauty which includes lakes, rainforest and beaches which makes it attraction for water lovers. Tofino is considered as Paradise for water lovers. Tofino is recommended place to visit. You enjoy a lot of water games and you can spends a great time on beach to keep yourself clam and peaceful.</p>



<blockquote class="wp-block-quote"><p><strong>It was love at first sight, the day I met the beach</strong></p></blockquote>



<p><strong><u>Accommodation: </u></strong>  Ocean Village Resort Tofino, Crystal Cove Beach Resort and Tofino Resort.</p>



<h2>4. <strong><em><u>Stanley Park</u></em></strong></h2>



<div class="wp-block-image is-style-rounded"><figure class="aligncenter size-large"><img loading="lazy" width="600" height="280" src="/wp-content/uploads/2021/07/Stanley-Park-canada.jpg" alt="Stanley Park canada" class="wp-image-69" srcset="/wp-content/uploads/2021/07/Stanley-Park-canada.jpg 600w, /wp-content/uploads/2021/07/Stanley-Park-canada-300x140.jpg 300w" sizes="(max-width: 600px) 100vw, 600px"></figure></div>



<p class="has-drop-cap">Stanley Park is located on a peninsula at the edge of downtown Vancouver. Stanley Park is surrounded by waters of Burrard Inlet and English Bay. Stankey Park is considered as the best destination for tourists, where approximately 8 million visitors visit each year. Stanley Park has beaches, Water Park and gardens of ceda and hemlock tree. You have seen red orange trees in movies but Stanley Park offers you to see it in reality and feel its calm appealing view.</p>



<blockquote class="wp-block-quote"><p><strong>Trees give peace to the souls of men</strong></p></blockquote>



<p><strong><u>Accommodation: </u></strong>  Times Square Suites, West End Guest House and Loden Vancouver.</p>



<h2>5. <strong><em><u>Okanagan Valley</u></em></strong></h2>



<div class="wp-block-image is-style-rounded"><figure class="aligncenter size-large"><img loading="lazy" width="600" height="280" src="/wp-content/uploads/2021/07/Okanagan-Valley-canada.jpg" alt="Okanagan Valley canada" class="wp-image-70" srcset="/wp-content/uploads/2021/07/Okanagan-Valley-canada.jpg 600w, /wp-content/uploads/2021/07/Okanagan-Valley-canada-300x140.jpg 300w" sizes="(max-width: 600px) 100vw, 600px"></figure></div>



<p class="has-drop-cap">The Okanagan is considered a paradise for tourists. It is a region in the Canadian province of British Columbia. Okanagan has unique climate. At daytime temperature rise to 40 but nights are cold which allow the grapes to maintain their acidity. Okanagan is well known for its fruit orchards and for wineries. You should visit over here and filled your life with everlasting memories. You should visit over here and filled your life with everlasting memories. When you will Walking over here you will feels like you are in heaven.</p>



<p><strong><u>Accommodation: </u></strong>  Kelowna Bed &amp; Breakfast, The Royal Kelowna and Rowena&#8217;s Retreat.</p>



<h2>6. <strong><em><u>Maligne Lake</u></em></strong></h2>



<div class="wp-block-image is-style-rounded"><figure class="aligncenter size-large"><img loading="lazy" width="600" height="280" src="/wp-content/uploads/2021/07/Maligne-Lake-canada.jpg" alt="Maligne Lake canada" class="wp-image-71" srcset="/wp-content/uploads/2021/07/Maligne-Lake-canada.jpg 600w, /wp-content/uploads/2021/07/Maligne-Lake-canada-300x140.jpg 300w" sizes="(max-width: 600px) 100vw, 600px"><figcaption>Maligne Lake Canada</figcaption></figure></div>



<p class="has-drop-cap">Maligne Lake is situated in Jasper National Park, Canada. Maligne Lake is the second largest lake. Maligne Lake is considered as the Paradise for photographers where they capture the scenic and appealing views. You can see the azure blue water which gives you fantastic view. Tourist can experience camping over here .You can also do fishing. Maligne Lake is one of the unique and popular places to visit in Canada. Tourist can enjoy hiking, fishing and afternoon tea at the <strong>Maligne Lake Chalet</strong>.</p>



<p><strong><u>Accommodation: </u></strong>  Pyramid Lake Resort, Maligne Lodge and Sunwapta Falls Rocky Mountain Lodge.</p>



<h2>7.<strong><em><u>Hornby Island</u></em></strong></h2>



<div class="wp-block-image is-style-rounded"><figure class="aligncenter size-large"><img loading="lazy" width="600" height="280" src="/wp-content/uploads/2021/07/Hornby-Island-canada.jpg" alt="Hornby Island canada" class="wp-image-73" srcset="/wp-content/uploads/2021/07/Hornby-Island-canada.jpg 600w, /wp-content/uploads/2021/07/Hornby-Island-canada-300x140.jpg 300w" sizes="(max-width: 600px) 100vw, 600px"><figcaption>Hornby Island Canada</figcaption></figure></div>



<p class="has-drop-cap">Hornby Island is located near Vancouver Island’s Comox Valley. Hornby Island is a simple and relaxed appealing island. Hornby Island has lots of Beaches, Mountain Biking trails and hiking trails as well. These attractive views bringing lots of tourist over here. As we all know beaches are always considered as favorite place in summer for hangout and for enjoyment. You can also enjoy outdoor activities at the beach sight. It is considered as one of the best destination for tourist to visit in Canada.</p>



<p><strong><u>Accommodation: </u></strong>  Hornby Island Resort, Outer Island Guest Farm and Sea Breeze Lodge.</p>



<h2>8.<strong><em><u>Montmorency Falls</u></em></strong></h2>



<div class="wp-block-image is-style-rounded"><figure class="aligncenter size-large"><img loading="lazy" width="600" height="280" src="/wp-content/uploads/2021/07/Montmorency-Falls-canada.jpg" alt="Montmorency Falls canada" class="wp-image-75" srcset="/wp-content/uploads/2021/07/Montmorency-Falls-canada.jpg 600w, /wp-content/uploads/2021/07/Montmorency-Falls-canada-300x140.jpg 300w" sizes="(max-width: 600px) 100vw, 600px" /><figcaption>Montmorency Falls Canada</figcaption></figure></div>



<p class="has-drop-cap">Montmorency Falls is a largest waterfall which is located on the Montmorency River in Quebec, Canada. It is considered as the best place to visit in Canada for those who love water. The best thing about this water fall is that there are staircases through which you can view waterfall from the different perspective. You can walk over the bridge and take the pictures of beautiful view of waterfall.</p>



<blockquote class="wp-block-quote"><p><strong>Run wild and free like a waterfall</strong></p></blockquote>



<p><strong><u>Accommodation: </u></strong>  Hôtel Château Laurier, In the house of the Fall and Fairmont Le Château Frontenac.</p>



<h2>9. <strong><em><u>Capilano Suspension Bridge</u></em></strong></h2>



<div class="wp-block-image is-style-rounded"><figure class="aligncenter size-large"><img loading="lazy" width="600" height="280" src="/wp-content/uploads/2021/07/Capilano-Suspension-Bridge-canada.jpg" alt="Capilano Suspension Bridge canada" class="wp-image-76" srcset="/wp-content/uploads/2021/07/Capilano-Suspension-Bridge-canada.jpg 600w, /wp-content/uploads/2021/07/Capilano-Suspension-Bridge-canada-300x140.jpg 300w" sizes="(max-width: 600px) 100vw, 600px" /><figcaption>Capilano Suspension Bridge Canada</figcaption></figure></div>



<p class="has-drop-cap">If You are planning your Vacations in Canada,You should visit Capilano Suspension Bridge Park . This bridge is a simple and appealing bridge crossing over the Capilano River in Canada, Capilano Bridge comprised of 140 metres long and 70 metres above the river. You can walk over the bridge and you can view a natural beauty from different perspective. You can also explore the thick green forest from this bridge.</p>



<p><strong><u>Accommodation: </u></strong>  North Vancouver Hotel, Crystal&#8217;s View Bed &amp; Breakfast and Samesun Vancouver.</p>



<h2>10. <strong><em><u>Whistler</u></em></strong></h2>



<div class="wp-block-image is-style-rounded"><figure class="aligncenter size-large"><img loading="lazy" width="600" height="280" src="/wp-content/uploads/2021/07/Whistler-canada.jpg" alt="Whistler canada" class="wp-image-77" srcset="/wp-content/uploads/2021/07/Whistler-canada.jpg 600w, /wp-content/uploads/2021/07/Whistler-canada-300x140.jpg 300w" sizes="(max-width: 600px) 100vw, 600px" /></figure></div>



<p class="has-drop-cap">Whistler is considered as one of the largest ski resorts which is located in North America. If you are deciding your winter vacation in Canada you should visit whistler which is highly recommended as best for winter vacation. You can enjoy skiing snowshoeing, tobogganing and ski jumping in this captivating snow land. If you are adventure lover, you should visit whistler. You can also explore the culture of that town by visiting museums and art galleries.</p>



<p><strong><u>Accommodation: </u></strong>&nbsp;&nbsp;Four Seasons Resort Whistler, Fairmont Chateau Whistler and Pangea Pod Hotel.</p>
]]></content:encoded>
					
					<wfw:commentRss>/10-beautiful-places-to-visit-canada/feed/</wfw:commentRss>
			<slash:comments>0</slash:comments>
		
		
			</item>
	</channel>
</rss>
