<?xml version="1.0" encoding="UTF-8"?><rss version="2.0"
	xmlns:content="http://purl.org/rss/1.0/modules/content/"
	xmlns:wfw="http://wellformedweb.org/CommentAPI/"
	xmlns:dc="http://purl.org/dc/elements/1.1/"
	xmlns:atom="http://www.w3.org/2005/Atom"
	xmlns:sy="http://purl.org/rss/1.0/modules/syndication/"
	xmlns:slash="http://purl.org/rss/1.0/modules/slash/"
	>

<channel>
	<title>Most Beautiful Places in France</title>
	<atom:link href="/tag/most-beautiful-places-in-france/feed/" rel="self" type="application/rss+xml" />
	<link>/</link>
	<description>Places You Must Visit Before Die</description>
	<lastBuildDate>Tue, 27 Jul 2021 07:08:43 +0000</lastBuildDate>
	<language>en</language>
	<sy:updatePeriod>
	hourly	</sy:updatePeriod>
	<sy:updateFrequency>
	1	</sy:updateFrequency>
	<generator>https://wordpress.org/?v=5.8.1</generator>

<image>
	<url>/wp-content/uploads/2021/07/cropped-favicon-32x32.png</url>
	<title>Most Beautiful Places in France</title>
	<link>/</link>
	<width>32</width>
	<height>32</height>
</image> 
	<item>
		<title>Top-Rated 10 Most Beautiful Places in France</title>
		<link>/top-rated-10-beautiful-places-france/</link>
					<comments>/top-rated-10-beautiful-places-france/#respond</comments>
		
		<dc:creator><![CDATA[admin]]></dc:creator>
		<pubDate>Tue, 27 Jul 2021 07:08:39 +0000</pubDate>
				<category><![CDATA[Top Destinations]]></category>
		<category><![CDATA[Most Beautiful Places in France]]></category>
		<guid isPermaLink="false">/?p=97</guid>

					<description><![CDATA[France is a European country in the northwest of Europe. France is considered the best place for tourism. France encompasses medieval cities, villages and beaches. It has many museums which are the source of attraction for tourists. Eiffel Tower is one of the famous places to visit in France. It is well known for its ... <a title="Top-Rated 10 Most Beautiful Places in France" class="read-more" href="/top-rated-10-beautiful-places-france/" aria-label="More on Top-Rated 10 Most Beautiful Places in France">Read more</a>]]></description>
										<content:encoded><![CDATA[
<p>France is a European country in the northwest of Europe. France is considered the best place for tourism. France encompasses medieval cities, villages and beaches. It has many museums which are the source of attraction for tourists. Eiffel Tower is one of the famous places to visit in France. It is well known for its wines and sophisticated cuisine. France is well-known for its history and culture in the European world.</p>



<h2>1. <em>Eiffel Tower</em> <em>France</em></h2>



<div class="wp-block-image is-style-rounded"><figure class="aligncenter size-full"><img loading="lazy" width="600" height="280" src="/wp-content/uploads/2021/07/Eiffel-Tower-France.jpg" alt="Eiffel Tower France" class="wp-image-100" srcset="/wp-content/uploads/2021/07/Eiffel-Tower-France.jpg 600w, /wp-content/uploads/2021/07/Eiffel-Tower-France-300x140.jpg 300w" sizes="(max-width: 600px) 100vw, 600px" /><figcaption>Eiffel Tower France</figcaption></figure></div>



<p>If you are planning your vacation in France, you should visit The Eiffel tower First. The Eiffel tower refers as a symbol of Paris. Eiffel tower is an iconic and romantic Tower. Eiffel tower is best for newlyweds or engaged couples to visits. Eiffel Tower is the most visit monument in the world; almost 25,000 visitors visit a day. You can take a picture with your beloved ones. You can walk with your loved ones on the lawn in front of the Eiffel tower. The Eiffel tower refers as a symbol of Paris.</p>



<p><strong><u>Accommodation: </u></strong>   Pullman Paris Tour Eiffel, Hôtel Le Walt Paris and Shangri-La Paris.</p>



<blockquote class="wp-block-quote"><p><strong>Let’s go but first, Paris</strong></p></blockquote>



<h2>2. <em>Mont Saint-Michel</em> France</h2>



<div class="wp-block-image is-style-rounded"><figure class="aligncenter size-full"><img loading="lazy" width="600" height="280" src="/wp-content/uploads/2021/07/Mont-Saint-Michel-France.jpg" alt="Mont Saint-Michel France" class="wp-image-101" srcset="/wp-content/uploads/2021/07/Mont-Saint-Michel-France.jpg 600w, /wp-content/uploads/2021/07/Mont-Saint-Michel-France-300x140.jpg 300w" sizes="(max-width: 600px) 100vw, 600px" /><figcaption>Mont Saint-Michel France</figcaption></figure></div>



<p>Mont Saint-Michel is a tidal island in Normandy. This Island is situated approximately one kilometer away from the country&#8217;s north-western coast near the Couesnon River. Mont Saint-Michel is the pyramid of the seas, composed of 80 meters above the bay. Abbay de Saint-Michel is the main attraction for tourists. You can climb to the top of Saint Michel. There are several stairs you need to climb especially when you want to see the Abbey. You have to keep a good pair of shoes with you. You can also taste the famous dishes of Saint Michel include omelets and crepes.</p>



<p><strong><u>Accommodation: </u></strong>   Clos Saint-Gilles, Ardevon, L&#8217;Ermitage Mont Saint Michel and Aux Fées Des Grèves.</p>



<h2>3. <em>Louvre Museum</em> <em>France</em></h2>



<div class="wp-block-image is-style-rounded"><figure class="aligncenter size-full"><img loading="lazy" width="600" height="280" src="/wp-content/uploads/2021/07/Louvre-Museum-France.jpg" alt="Louvre Museum France" class="wp-image-102" srcset="/wp-content/uploads/2021/07/Louvre-Museum-France.jpg 600w, /wp-content/uploads/2021/07/Louvre-Museum-France-300x140.jpg 300w" sizes="(max-width: 600px) 100vw, 600px" /><figcaption>Louvre Museum France</figcaption></figure></div>



<p>The Louvre is the world&#8217;s largest and national museum and art gallery of France; It lies on the Right Bank of the seine in the city. You can explore the collection of fine arts. Tourists can also see the Western civilization&#8217;s most popular world over here, including the Mona Lisa by Leonardo Davinci and the 1st century BC Venus de Milo sculpture.</p>



<p><strong><u>Accommodation: </u></strong>  Hôtel Du Louvre, Hotel Regina Louvre and Hotel Relais Du Louvre.</p>



<h2>4. <em>Promenade des Anglais</em> <em>France</em></h2>



<div class="wp-block-image is-style-rounded"><figure class="aligncenter size-full"><img loading="lazy" width="600" height="280" src="/wp-content/uploads/2021/07/Promenade-des-Anglais-France.jpg" alt="Promenade des Anglais France" class="wp-image-104" srcset="/wp-content/uploads/2021/07/Promenade-des-Anglais-France.jpg 600w, /wp-content/uploads/2021/07/Promenade-des-Anglais-France-300x140.jpg 300w" sizes="(max-width: 600px) 100vw, 600px" /><figcaption>Promenade des Anglais France</figcaption></figure></div>



<p>Promenade des Anglais is the popular street in nice. It is well known for its beaches where tourists can enjoy sunbathing and cycling. There are several cultural and historical things which are best to visit over there. Tourists can also explore the traditional open-air Provençal market where vendors sell fresh flowers and fruits vegetables. You can also enjoy the outdoor garden theater “<strong>Theatre de verdure</strong>” which hosts concerts and cultural presentations.</p>



<p><strong><u>Accommodation: </u></strong> Hôtel Paradis, Hôtel Azur and Hôtel Le Royal.</p>



<h2>5. <em>Cannes Beaches</em> <em>France</em></h2>



<div class="wp-block-image is-style-rounded"><figure class="aligncenter size-full"><img loading="lazy" width="600" height="280" src="/wp-content/uploads/2021/07/Cannes-Beaches-France.jpg" alt="Cannes Beaches France" class="wp-image-105" srcset="/wp-content/uploads/2021/07/Cannes-Beaches-France.jpg 600w, /wp-content/uploads/2021/07/Cannes-Beaches-France-300x140.jpg 300w" sizes="(max-width: 600px) 100vw, 600px" /><figcaption>Cannes Beaches France</figcaption></figure></div>



<p>Cannes beaches are the best place to visits for those who love water. Cannes beaches have many public and private beaches; Cannes is known for its private beaches. July and August are considered the best month to visit. Tourists can enjoy swimming and play water games over here. It also has outdoor cafes and restaurants where tourist can enjoy their favorite food over Cannes beaches.</p>



<p><strong><u>Accommodation: </u></strong> ibis Cannes Centre, Hôtel Splendid Cannes and Hotel Colette.</p>



<h2>6. <em>Hilltop Village of Eze</em> <em>France</em></h2>



<div class="wp-block-image is-style-rounded"><figure class="aligncenter size-full"><img loading="lazy" width="600" height="280" src="/wp-content/uploads/2021/07/Hilltop-Village-of-Eze-France.jpg" alt="Hilltop Village of Eze France" class="wp-image-106" srcset="/wp-content/uploads/2021/07/Hilltop-Village-of-Eze-France.jpg 600w, /wp-content/uploads/2021/07/Hilltop-Village-of-Eze-France-300x140.jpg 300w" sizes="(max-width: 600px) 100vw, 600px"><figcaption>Hilltop Village of Eze France</figcaption></figure></div>



<p>Hilltop Village of Eze is a charming and appealing village on the hilltop above the Mediterranean Sea. Tourists can see the houses of the village; also explore the art galleries and beautiful sea views. Here you can also see the beautiful 12th-century church. La Chevre d&#8217;Or is a major attraction for tourists; it is a luxurious hotel having a beautiful garden, shady trees, and fountains. Visitors can enjoy nature and feel the relaxing environment. As you knew it lie on a hilltop it is best for hiking.</p>



<p><strong><u>Accommodation: </u></strong> Welcome Hotel, Château Eza and La Villa d&#8217;Eze &#8211; Hôtel du Golfe.</p>



<h2>7. <em>Jazz à Juan Festival</em> <em>France</em></h2>



<div class="wp-block-image is-style-rounded"><figure class="aligncenter size-full"><img loading="lazy" width="600" height="280" src="/wp-content/uploads/2021/07/Jazz-a-Juan-Festival-France.jpg" alt="Jazz à Juan Festival France" class="wp-image-107" srcset="/wp-content/uploads/2021/07/Jazz-a-Juan-Festival-France.jpg 600w, /wp-content/uploads/2021/07/Jazz-a-Juan-Festival-France-300x140.jpg 300w" sizes="(max-width: 600px) 100vw, 600px" /><figcaption>Jazz à Juan Festival France</figcaption></figure></div>



<p>If you are a music lover and deciding your vacation in France you should attend the Jazz à Juan festival. It’s a music festival which is organized in July. It is one of the most exciting things to do on the French Riviera. Its setting is outdoor, where you can enjoy the whole event in the open air. You can explore the world’s famous performers and upcoming artists. Tourists can see the various musical genres through concerts such as New Orleans Jazz, Latin Jazz, Swing, and Blues.</p>



<p><strong>Accommodation:</strong>    Hotel Belles Rives, Hôtel Le Yaca and Hôtel Le Corbusier.</p>



<h2>8. <em>Alabaster Coast, Normandy</em> <em>France</em></h2>



<div class="wp-block-image is-style-rounded"><figure class="aligncenter size-full"><img loading="lazy" width="600" height="280" src="/wp-content/uploads/2021/07/Alabaster-Coast-Normandy-France.jpg" alt="Alabaster Coast, Normandy France" class="wp-image-108" srcset="/wp-content/uploads/2021/07/Alabaster-Coast-Normandy-France.jpg 600w, /wp-content/uploads/2021/07/Alabaster-Coast-Normandy-France-300x140.jpg 300w" sizes="(max-width: 600px) 100vw, 600px" /><figcaption>Alabaster Coast, Normandy France</figcaption></figure></div>



<p>The Alabaster coast is considered a popular place to visit in France. It offers you some beautiful cliffs in France. Cliffs are the major attraction for tourists; it is a land of beautiful beaches and picturesque fishing villages. Besides the coast, you can also explore the white chalk sculpted by nature. Tourists can also enjoy the appealing coastal towns and you can also do fishing and swimming over here.</p>



<p><strong><u>Accommodation:</u></strong>    Hotel Windsor, Castel De La Terrasse and Manoir des Carreaux.</p>



<h2>9. <em>French Alps</em> <em>France</em></h2>



<div class="wp-block-image is-style-rounded"><figure class="aligncenter size-full"><img loading="lazy" width="600" height="280" src="/wp-content/uploads/2021/07/French-Alps-France.jpg" alt="French Alps France" class="wp-image-109" srcset="/wp-content/uploads/2021/07/French-Alps-France.jpg 600w, /wp-content/uploads/2021/07/French-Alps-France-300x140.jpg 300w" sizes="(max-width: 600px) 100vw, 600px" /><figcaption>French Alps France</figcaption></figure></div>



<p>The French Alps are part of the Alps Mountain that is located in the Auvergne-Rhône-Alpes. This place is known for its charming and stunning beauty. They are an attractive place for outdoor activities hiking and skiing. It&#8217;s the best place for a nature lover to visit. You can enjoy and play many games like white water rafting and paragliding is one of the best things to do over here. You can also keep yourself calm by feeling nature. Nature has healing power which keeps you refresh from daily live frustrations.</p>



<p><strong><u>Accommodation:</u></strong>  Hôtel des Lacs, Cosmiques Hut and RockyPop Chamonix.</p>



<h2>10. <em>Gulf of Morbihan, Brittany</em> <em>France</em></h2>



<div class="wp-block-image is-style-rounded"><figure class="aligncenter size-full"><img loading="lazy" width="600" height="280" src="/wp-content/uploads/2021/07/Gulf-of-Morbihan-Brittany-France.jpg" alt="Gulf of Morbihan, Brittany France" class="wp-image-111" srcset="/wp-content/uploads/2021/07/Gulf-of-Morbihan-Brittany-France.jpg 600w, /wp-content/uploads/2021/07/Gulf-of-Morbihan-Brittany-France-300x140.jpg 300w" sizes="(max-width: 600px) 100vw, 600px" /><figcaption>Gulf of Morbihan, Brittany France</figcaption></figure></div>



<p>The Gulf of Morbihan is one of the most beautiful landscapes to explore during the summer, lies on France&#8217;s Atlantic Coast in the region of Brittany. It is well known for its beautiful landscapes, rich history, and sweet life. It has many islands and islets. Morbihan means little sea where you can enjoy sailing. It is one of the best places to visit in France in the summer for makes your vacation more memorable. Its unique temperature makes it an ideal holiday destination.</p>



<p><strong><u>Accommodation:</u></strong>&nbsp; Manoir de Truhelin, The Maner Kozh and Appart&#8217;City Confort Vannes.</p>
]]></content:encoded>
					
					<wfw:commentRss>/top-rated-10-beautiful-places-france/feed/</wfw:commentRss>
			<slash:comments>0</slash:comments>
		
		
			</item>
	</channel>
</rss>
