<?xml version="1.0" encoding="UTF-8"?><rss version="2.0"
	xmlns:content="http://purl.org/rss/1.0/modules/content/"
	xmlns:wfw="http://wellformedweb.org/CommentAPI/"
	xmlns:dc="http://purl.org/dc/elements/1.1/"
	xmlns:atom="http://www.w3.org/2005/Atom"
	xmlns:sy="http://purl.org/rss/1.0/modules/syndication/"
	xmlns:slash="http://purl.org/rss/1.0/modules/slash/"
	>

<channel>
	<title>Uncategorized</title>
	<atom:link href="/category/uncategorized/feed/" rel="self" type="application/rss+xml" />
	<link>/</link>
	<description>Places You Must Visit Before Die</description>
	<lastBuildDate>Mon, 16 Aug 2021 06:54:47 +0000</lastBuildDate>
	<language>en</language>
	<sy:updatePeriod>
	hourly	</sy:updatePeriod>
	<sy:updateFrequency>
	1	</sy:updateFrequency>
	<generator>https://wordpress.org/?v=5.8.1</generator>

<image>
	<url>/wp-content/uploads/2021/07/cropped-favicon-32x32.png</url>
	<title>Uncategorized</title>
	<link>/</link>
	<width>32</width>
	<height>32</height>
</image> 
	<item>
		<title>10 Most Attractive Tourist Spots in Norway &#8211; Ten Travel Ideas</title>
		<link>/attractive-tourist-spots-in-norway/</link>
					<comments>/attractive-tourist-spots-in-norway/#respond</comments>
		
		<dc:creator><![CDATA[admin]]></dc:creator>
		<pubDate>Mon, 16 Aug 2021 06:54:45 +0000</pubDate>
				<category><![CDATA[Uncategorized]]></category>
		<category><![CDATA[Attractive Tourist Spots in Norway]]></category>
		<guid isPermaLink="false">/?p=166</guid>

					<description><![CDATA[If you are planning your vacation in Europe you must add Norway to your itinerary. Norway has an abundance of natural beauty including mountains and glaciers. Norway is declared the happiest and safe country to travel to because of the low crime rate and good governance. Norway is known for beautiful fjords, sailing, and hiking, ... <a title="10 Most Attractive Tourist Spots in Norway &#8211; Ten Travel Ideas" class="read-more" href="/attractive-tourist-spots-in-norway/" aria-label="More on 10 Most Attractive Tourist Spots in Norway &#8211; Ten Travel Ideas">Read more</a>]]></description>
										<content:encoded><![CDATA[
<p>If you are planning your vacation in Europe you must add Norway to your itinerary. Norway has an abundance of natural beauty including mountains and glaciers. Norway is declared the happiest and safe country to travel to because of the low crime rate and good governance. Norway is known for beautiful fjords, sailing, and hiking, or camping. Tourists can explore the <strong>northern light</strong> and many beautiful places that make their journey more memorable.</p>



<h2>1. Hamnøy Norway</h2>



<div class="wp-block-image is-style-rounded"><figure class="aligncenter size-full"><img loading="lazy" width="600" height="280" src="/wp-content/uploads/2021/08/Hamnoy-Norway.jpg" alt="Hamnøy Norway" class="wp-image-170" srcset="/wp-content/uploads/2021/08/Hamnoy-Norway.jpg 600w, /wp-content/uploads/2021/08/Hamnoy-Norway-300x140.jpg 300w" sizes="(max-width: 600px) 100vw, 600px" /><figcaption>Hamnøy Norway</figcaption></figure></div>



<p>Hamnøy is the best place to visit in Norway, known for its beautiful landscapes. Hamnøy is a small and oldest fishing village; it is nestled on the eastern side of the island of Moskenes. You can visit the picturesque village, where you can enjoy many outdoor games. Tourists can also attend the <strong>Elijazzen Festival</strong>, which takes place in the first week of May. In winter tourists can enjoy sailing and fishing.</p>



<p><strong><u>Accommodation: </u></strong>  Klingenberg Rorbuer, May&#8217;s Apartments and Eliassen Rorbuer.</p>



<h2>2. Roros Norway </h2>



<div class="wp-block-image is-style-rounded"><figure class="aligncenter size-full"><img loading="lazy" width="600" height="280" src="/wp-content/uploads/2021/08/Roros-Norway.jpg" alt="Roros Norway" class="wp-image-171" srcset="/wp-content/uploads/2021/08/Roros-Norway.jpg 600w, /wp-content/uploads/2021/08/Roros-Norway-300x140.jpg 300w" sizes="(max-width: 600px) 100vw, 600px" /><figcaption>Roros Norway</figcaption></figure></div>



<p>Roros is one of the beautiful places to visit in Norway. It is a charming place which offers you beautiful old wooden buildings to see. Colorful and old wooden buildings make it an attraction for tourists. Roros Church is the main attraction of that place. You can also visit stunning cafes and traditional restaurants. Tourists can also visit the Forollhogna National Park surrounded by mountains and beautiful valleys, where you can experience the natural beauty and, you can also enjoy hiking and cycling over here.</p>



<p><strong><u>Accommodation: </u></strong>    Bergstadens Hotel, Rørosvidda Hotell and Vertshuset Røros.</p>



<h2>3. Jostedalsbreen National Park Norway </h2>



<div class="wp-block-image is-style-rounded"><figure class="aligncenter size-full"><img loading="lazy" width="600" height="280" src="/wp-content/uploads/2021/08/Jostedalsbreen-National-Park-Norway.jpg" alt="Jostedalsbreen National Park Norway" class="wp-image-172" srcset="/wp-content/uploads/2021/08/Jostedalsbreen-National-Park-Norway.jpg 600w, /wp-content/uploads/2021/08/Jostedalsbreen-National-Park-Norway-300x140.jpg 300w" sizes="(max-width: 600px) 100vw, 600px" /><figcaption>Jostedalsbreen National Park Norway</figcaption></figure></div>



<p>Jostedalsbreen National Park is a national park of Norway, which is surrounding by the largest glacier. The national park has an abundance of natural beauty, ranging from valleys and glacier landscapes. Tourists can experience glacier hikes and glacier museums over here. Tourists can enjoy outdoor sports like cycling; tourists can also enjoy glacier walks which makes your trip more exciting and thrilling.</p>



<p><strong><u>Accommodation: </u></strong>    Hjelle Hotel, Jostedal Hotel and Hotel Alexandra Loen.</p>



<h2>4. Sognefjord Norway </h2>



<div class="wp-block-image is-style-rounded"><figure class="aligncenter size-full"><img loading="lazy" width="600" height="280" src="/wp-content/uploads/2021/08/Sognefjord-Norway.jpg" alt="Sognefjord Norway" class="wp-image-173" srcset="/wp-content/uploads/2021/08/Sognefjord-Norway.jpg 600w, /wp-content/uploads/2021/08/Sognefjord-Norway-300x140.jpg 300w" sizes="(max-width: 600px) 100vw, 600px" /><figcaption>Sognefjord Norway</figcaption></figure></div>



<p>Sognefjord is a famous and largest fjord, in Norway. Tourist can explore the dramatic cliff, valleys and, beautiful waterfalls which make you trip more memorable. Each part of <strong>Fjord</strong> refers to you unique and beautiful sight. Tourists can experience the l<strong>ocal boat service</strong> and, <strong>cruise ships</strong>, which offer you to explore the fjords nationals parks, glaciers, and waterfalls. Tourists can enjoy natural beauty by visiting over here like green hills; it will leave a peaceful effect on you.</p>



<p><strong>Accommodation: </strong>  Midtnes Hotel, Øren Hotel and Nes Gard.</p>



<h2>5. Lofoten Islands Norway </h2>



<div class="wp-block-image is-style-rounded"><figure class="aligncenter size-full"><img loading="lazy" width="600" height="280" src="/wp-content/uploads/2021/08/Lofoten-Islands-Norway.jpg" alt="Lofoten Islands Norway" class="wp-image-174" srcset="/wp-content/uploads/2021/08/Lofoten-Islands-Norway.jpg 600w, /wp-content/uploads/2021/08/Lofoten-Islands-Norway-300x140.jpg 300w" sizes="(max-width: 600px) 100vw, 600px" /><figcaption>Lofoten Islands Norway</figcaption></figure></div>



<p> Lofoten Islands lies on Norway’s northwest coastline. Lofoten islands are well known for their dramatic and scenic views. Tourists can explore the beautiful fishing village and cycle routes that cover the islands. You can witness the gorgeous views of breathtaking landscapes where you can also enjoy hiking. It is the best destination for surfing. It is connected to the small village, where you can discover the traditional fisherman cabins and many tourists’ sights like <strong>Viking Museum</strong> and <strong>War memorial museum</strong>.</p>



<p><strong><u>Accommodation: </u></strong>   Scandic Svolvaer and Scandic Vestfjord Lofoten.</p>



<h2>6. Pulpit Rock Norway </h2>



<div class="wp-block-image is-style-rounded"><figure class="aligncenter size-full"><img loading="lazy" width="600" height="280" src="/wp-content/uploads/2021/08/Pulpit-Rock-Norway.jpg" alt="Pulpit Rock Norway" class="wp-image-176" srcset="/wp-content/uploads/2021/08/Pulpit-Rock-Norway.jpg 600w, /wp-content/uploads/2021/08/Pulpit-Rock-Norway-300x140.jpg 300w" sizes="(max-width: 600px) 100vw, 600px" /><figcaption>Pulpit Rock Norway</figcaption></figure></div>



<p>Pulpit Rock is one of the famous destinations for tourists in Norway. The pulpit rock comprises 604 meters height above the <strong>Lysefjorden</strong>, having a unique shape. Hiking is one of the popular things to do over here. The beginning of the climb is difficult but the last part of the trail is mostly clear, it also has stairs with it that are safe for children. You should wear your hiking boots, t-shirts, and waterproof pants while hiking. While hiking you will not find any shops so bring your food and drinks when you came over here.</p>



<p><strong><u>Accommodation: </u></strong>&nbsp;&nbsp;&nbsp;Scandic Stavanger City and Thon Hotel Maritim.</p>



<h2>7. Alta Norway </h2>



<div class="wp-block-image is-style-rounded"><figure class="aligncenter size-full"><img loading="lazy" width="600" height="280" src="/wp-content/uploads/2021/08/Alta-Norway.jpg" alt="Alta Norway" class="wp-image-177" srcset="/wp-content/uploads/2021/08/Alta-Norway.jpg 600w, /wp-content/uploads/2021/08/Alta-Norway-300x140.jpg 300w" sizes="(max-width: 600px) 100vw, 600px" /><figcaption>Alta Norway</figcaption></figure></div>



<p>Alta is one of the beautiful places to visit in Norway, located on Norway&#8217;s northern coast. It is well known for the northern lights. You can also experience a polar night in the winter over here. It means that the sun doesn’t rise above the horizon, which makes it best to see the northern light. You can enjoy the snowballing and feel the beauty of nature over here, which makes your journey more memorable.</p>



<p><strong><u>Accommodation: </u></strong>  Heggelis, Thon Hotel Alta and Gargia Lodge.</p>



<h2>8. Alesund Norway </h2>



<div class="wp-block-image is-style-rounded"><figure class="aligncenter size-full"><img loading="lazy" width="600" height="280" src="/wp-content/uploads/2021/08/Alesund-Norway.jpg" alt="Alesund Norway" class="wp-image-178" srcset="/wp-content/uploads/2021/08/Alesund-Norway.jpg 600w, /wp-content/uploads/2021/08/Alesund-Norway-300x140.jpg 300w" sizes="(max-width: 600px) 100vw, 600px" /><figcaption>Alesund Norway</figcaption></figure></div>



<p>Alesund is a beautiful port town on the west coast of Norway. It is well known for its nouveau architectural style. It leads you to the beautiful northwestern fjords and alpine mountains. Tourists can enjoy E-bike and hiking over here and also experience the sea kayaking in ålesund. Tourists can also explore Art Nouveau Ålesund over here, where you can see the stunning architecture and towers. You can also enjoy walking around Ålesund&#8217;s Town Park. Tourists can also explore the <strong>Sunnmøre Museum</strong> it is the best destination, where you will learn about this beautiful region of Norway.</p>



<p><strong><u>Accommodation: </u></strong>    Kirkegata 4, City View Studio Apartment and Jervell Gjestehus.</p>



<h2>9. Seven Sisters Waterfall Norway </h2>



<div class="wp-block-image is-style-rounded"><figure class="aligncenter size-full"><img loading="lazy" width="600" height="280" src="/wp-content/uploads/2021/08/Seven-Sisters-Waterfall-Norway.jpg" alt="Seven Sisters Waterfall Norway" class="wp-image-179" srcset="/wp-content/uploads/2021/08/Seven-Sisters-Waterfall-Norway.jpg 600w, /wp-content/uploads/2021/08/Seven-Sisters-Waterfall-Norway-300x140.jpg 300w" sizes="(max-width: 600px) 100vw, 600px" /><figcaption>Seven Sisters Waterfall Norway</figcaption></figure></div>



<p>The Seven Sisters is the most beautiful and famous waterfall in Norway. Seven sisters represent its seven streams of water coming down from the mountain. These seven different water streams make it ideal for tourism. It is also the best place for hikers; you can also enjoy hiking over here. May and July are the best months to visit here, because at that time; snow is melting its makes waterfalls more visible. You can also enjoy boating over here and also capture its beauty by taking pictures.</p>



<p><strong><u>Accommodation: </u></strong>   Grande Fjord Hotel and Geirangerfjorden Feriesenter.</p>



<h2>10. Aurland Norway </h2>



<div class="wp-block-image is-style-rounded"><figure class="aligncenter size-full"><img loading="lazy" width="600" height="280" src="/wp-content/uploads/2021/08/Aurland-Norway.jpg" alt="Aurland Norway" class="wp-image-180" srcset="/wp-content/uploads/2021/08/Aurland-Norway.jpg 600w, /wp-content/uploads/2021/08/Aurland-Norway-300x140.jpg 300w" sizes="(max-width: 600px) 100vw, 600px" /><figcaption>Aurland Norway</figcaption></figure></div>



<p>Aurland is one of the most beautiful and small village lies in the Aurlandsfjord. You can explore the countryside life, clean natural and peaceful environment. Dramatic and charming landscapes are the main attraction over here. Tourists can also enjoy fishing and hiking over here. You can see this beautiful place on a bike and <strong>flam zipline</strong> that makes your trip more exciting. You can see the beautiful view of fjords from the town of Aurland.</p>



<p><strong><u>Accommodation: </u></strong>&nbsp;&nbsp;Stalheim Hotel, Flåmsbrygga Hotel and Aurland Fjordhytter.</p>
]]></content:encoded>
					
					<wfw:commentRss>/attractive-tourist-spots-in-norway/feed/</wfw:commentRss>
			<slash:comments>0</slash:comments>
		
		
			</item>
	</channel>
</rss>
