<?xml version="1.0" encoding="UTF-8"?><rss version="2.0"
	xmlns:content="http://purl.org/rss/1.0/modules/content/"
	xmlns:wfw="http://wellformedweb.org/CommentAPI/"
	xmlns:dc="http://purl.org/dc/elements/1.1/"
	xmlns:atom="http://www.w3.org/2005/Atom"
	xmlns:sy="http://purl.org/rss/1.0/modules/syndication/"
	xmlns:slash="http://purl.org/rss/1.0/modules/slash/"
	>

<channel>
	<title>10 National Parks in California</title>
	<atom:link href="/tag/10-national-parks-in-california/feed/" rel="self" type="application/rss+xml" />
	<link>/</link>
	<description>Places You Must Visit Before Die</description>
	<lastBuildDate>Fri, 20 Aug 2021 10:43:51 +0000</lastBuildDate>
	<language>en</language>
	<sy:updatePeriod>
	hourly	</sy:updatePeriod>
	<sy:updateFrequency>
	1	</sy:updateFrequency>
	<generator>https://wordpress.org/?v=5.8.1</generator>

<image>
	<url>/wp-content/uploads/2021/07/cropped-favicon-32x32.png</url>
	<title>10 National Parks in California</title>
	<link>/</link>
	<width>32</width>
	<height>32</height>
</image> 
	<item>
		<title>10 Most Attractive National Parks in California &#8211; Ten Travel Ideas</title>
		<link>/10-most-attractive-national-parks-in-california-ten-travel-ideas/</link>
					<comments>/10-most-attractive-national-parks-in-california-ten-travel-ideas/#respond</comments>
		
		<dc:creator><![CDATA[admin]]></dc:creator>
		<pubDate>Fri, 20 Aug 2021 10:38:51 +0000</pubDate>
				<category><![CDATA[Top Destinations]]></category>
		<category><![CDATA[10 National Parks in California]]></category>
		<guid isPermaLink="false">/?p=199</guid>

					<description><![CDATA[List of 10 National Parks in California Death Valley National Park Channel Islands National Park Devils Postpile National Monument Point Reyes National Seashore Pinnacles National Park Joshua Tree National Park Yosemite National Park Lassen Volcanic National Park SEQUOIA NATIONAL PARK Santa Monica Mountains National Recreation Area California is the state of the US, which is ... <a title="10 Most Attractive National Parks in California &#8211; Ten Travel Ideas" class="read-more" href="/10-most-attractive-national-parks-in-california-ten-travel-ideas/" aria-label="More on 10 Most Attractive National Parks in California &#8211; Ten Travel Ideas">Read more</a>]]></description>
										<content:encoded><![CDATA[
<h2>List of 10 National Parks in California</h2>



<ol><li><strong>Death Valley National Park</strong></li><li><strong>Channel Islands National Park</strong></li><li><strong>Devils Postpile National Monument</strong></li><li><strong>Point Reyes National Seashore</strong></li><li><strong>Pinnacles National Park</strong></li><li><strong>Joshua Tree National Park</strong></li><li><strong>Yosemite National Park</strong></li><li><strong>Lassen Volcanic National Park</strong></li><li><strong>SEQUOIA NATIONAL PARK</strong></li><li><strong>Santa Monica Mountains National Recreation Area</strong></li></ol>



<p>California is the state of the US, which is considered the best destination for tourists. It is well known for its beautiful beaches, redwood forest, and for the Mojave Desert. You can explore the culture of California by visiting world-class museums. Tourists can also see the national parks where you can explore the beautiful mountains, forests, deserts, coastal areas, and islands. You should add California to your itinerary for making your vacation thrilling and fantastic.</p>



<h2>1. Death Valley National Park California</h2>



<div class="wp-block-image is-style-rounded"><figure class="aligncenter size-full"><img loading="lazy" width="600" height="280" src="/wp-content/uploads/2021/08/Death-Valley-National-Park-California.png" alt="Death Valley National Park California" class="wp-image-201" srcset="/wp-content/uploads/2021/08/Death-Valley-National-Park-California.png 600w, /wp-content/uploads/2021/08/Death-Valley-National-Park-California-300x140.png 300w" sizes="(max-width: 600px) 100vw, 600px" /><figcaption>Death Valley National Park California</figcaption></figure></div>



<p>Death Valley is a beautiful national park in <strong>North America</strong>. Death Valley is referred to as a top destination in tourism. Death Valley is blessed with a dramatic canyon, deserts, and fantastic viewpoints, which make it unique and different from others. Tourists can enjoy driving over here especially in the summer due to the high temperature. When you are visit here in summer, you shouldn’t try hiking because it’s not fair due to the high temperature. <strong>Badwater Basin</strong> is the most beautiful sight to visit over here, where you can enjoy and explore camping. You can enjoy natural beauty and hiking and biking.</p>



<p><strong><em><u>Accommodation</u></em></strong> Bishop Village Motel, Eastside Guesthouse and Motel 6 Bishop.</p>



<h2>2. Channel Islands National Park California </h2>



<div class="wp-block-image is-style-rounded"><figure class="aligncenter size-full"><img loading="lazy" width="600" height="280" src="/wp-content/uploads/2021/08/Channel-Islands-National-Park-California.png" alt="Channel Islands National Park California" class="wp-image-202" srcset="/wp-content/uploads/2021/08/Channel-Islands-National-Park-California.png 600w, /wp-content/uploads/2021/08/Channel-Islands-National-Park-California-300x140.png 300w" sizes="(max-width: 600px) 100vw, 600px" /><figcaption>Channel Islands National Park California</figcaption></figure></div>



<p>Channel Islands National Park consists of five islands off the southern California coast. You can reach here by boat or light aircraft from Oxnard; you can explore sailing boats and hike. You can see the wildlife, crystal clear ocean, and mountain range which makes it is unique. It has a mild temperature which makes it ideal for tourism. Every island offers you a unique and exciting experience. Anacapa Island is for birders and hiking lovers. Santa Cruz Island is considered best for adventure lovers where you can try sea cave kayaking, snorkeling, long hikes, and camping. Sanda Rosa is well known for its white-sand beaches, you can see the beaches that you have never seen before.</p>



<p><strong><em><u>Accommodation</u></em></strong> La Barbarie Hotel, Almorah Hotel and The Farmhouse Hotel and Restaurant.</p>



<h2>3. Devils Postpile National Monument California </h2>



<div class="wp-block-image is-style-rounded"><figure class="aligncenter size-full"><img loading="lazy" width="600" height="280" src="/wp-content/uploads/2021/08/Devils-Postpile-National-Monument-California.png" alt="Devils Postpile National Monument California" class="wp-image-203" srcset="/wp-content/uploads/2021/08/Devils-Postpile-National-Monument-California.png 600w, /wp-content/uploads/2021/08/Devils-Postpile-National-Monument-California-300x140.png 300w" sizes="(max-width: 600px) 100vw, 600px" /><figcaption> Devils Postpile National Monument California </figcaption></figure></div>



<p>Devils Postpile National Monument is a national monument of the US that is situated near Mammoth Mountain in Eastern California. It has two major attractions for tourism; the <strong>Devils Postpile</strong> formation and Rainbow Falls. The monument offers you different animals, plants, and wildflowers such as <strong>black pears</strong>, <strong>willows</strong>, and <strong>alpine shooting stars</strong>. Tourists can explore the breathtaking columns of <strong>basalt rock</strong>.  Columns make it an ideal destination for adventurous people. Mammoth lakes are famous places for tourists to visit in summer vacation. You can enjoy hiking and swimming. During the summer months, it also offers you festivals that make your tour more exciting and memorable.</p>



<p><strong><em><u>Accommodation</u></em></strong> Cinnamon Bear Inn, Empieria High Sierra Hotel and Sierra Lodge.</p>



<h2>4. Point Reyes National Seashore California</h2>



<div class="wp-block-image is-style-rounded"><figure class="aligncenter size-full"><img loading="lazy" width="600" height="280" src="/wp-content/uploads/2021/08/Point-Reyes-National-Seashore-California.png" alt="Point Reyes National Seashore California" class="wp-image-205" srcset="/wp-content/uploads/2021/08/Point-Reyes-National-Seashore-California.png 600w, /wp-content/uploads/2021/08/Point-Reyes-National-Seashore-California-300x140.png 300w" sizes="(max-width: 600px) 100vw, 600px" /><figcaption>Point Reyes National Seashore California</figcaption></figure></div>



<p>Point Reyes National Seashore offers you a scenic seashore that you have never seen before that. This place is considered an ideal destination for tourists and heaven for nature lovers. It is an ideal place for children where they can enjoy and explore nature. This is the best place for <strong>whale-watching</strong>; winter is the best time to explore whale watching. Here you can also see the beaches where tourists can enjoy a romantic walk with their beloved ones.</p>



<p><strong><em><u>Accommodation</u></em></strong> Smiley&#8217;s Saloon, Hotel &amp; Kitchen, Hampton Inn Petaluma and Manka&#8217;s Inverness Lodge.</p>



<h2>5. Pinnacles National Park California </h2>



<div class="wp-block-image is-style-rounded"><figure class="aligncenter size-full"><img loading="lazy" width="600" height="280" src="/wp-content/uploads/2021/08/Pinnacles-National-Park-California.png" alt="Pinnacles National Park California" class="wp-image-206" srcset="/wp-content/uploads/2021/08/Pinnacles-National-Park-California.png 600w, /wp-content/uploads/2021/08/Pinnacles-National-Park-California-300x140.png 300w" sizes="(max-width: 600px) 100vw, 600px" /><figcaption>Pinnacles National Park California</figcaption></figure></div>



<p>Pinnacles National Park is the American newest national park, located east of the <strong>Salinas Valley </strong>in Central California. It encompasses rock formations and cliffs. You can see the natural beauty where you witness the colorful wildflowers bloom under the blue skies, which makes your trip more exciting. At night temperature falls that makes it an ideal destination for those who love camping. Rock climbing and hiking are popular activities over here. Cooler months are the best time to visit over here, which provides the best temperature for hiking and climbing lovers.</p>



<p><strong><em><u>Accommodation</u></em></strong>  Keefer&#8217;s Inn, Valley Harvest Inn and Western Motel.</p>



<h2>6. Joshua Tree National Park California</h2>



<div class="wp-block-image is-style-rounded"><figure class="aligncenter size-full"><img loading="lazy" width="600" height="280" src="/wp-content/uploads/2021/08/Joshua-Tree-National-Park-California.png" alt="Joshua Tree National Park California" class="wp-image-207" srcset="/wp-content/uploads/2021/08/Joshua-Tree-National-Park-California.png 600w, /wp-content/uploads/2021/08/Joshua-Tree-National-Park-California-300x140.png 300w" sizes="(max-width: 600px) 100vw, 600px" /><figcaption>Joshua Tree National Park California</figcaption></figure></div>



<p>Joshua Tree National Park is well known for its rugged rock formations and desert landscapes. You can explore the mind-blowing variety of plants and animals that makes your tour more entertaining. It offers you a variety of plants like <strong>creosote</strong> and <strong>ocotillo</strong>. It encompasses many hiking trails that make it ideal for hiking lovers. Tourists can enjoy camping and enjoy sleeping under a sky full of stars which gives a peaceful effect. You can enjoy your own company in this calm place. It has an abundance of natural beauty and as you all knew nature has healing power which heals your soul.</p>



<p><strong><em><u>Accommodation</u></em></strong> Jumbo Rocks Campground, White Tank Campground and Cottonwood Campground.</p>



<h2>7. Yosemite National Park California </h2>



<div class="wp-block-image is-style-rounded"><figure class="aligncenter size-full"><img loading="lazy" width="600" height="280" src="/wp-content/uploads/2021/08/Yosemite-National-Park-California.png" alt="Yosemite National Park California" class="wp-image-208" srcset="/wp-content/uploads/2021/08/Yosemite-National-Park-California.png 600w, /wp-content/uploads/2021/08/Yosemite-National-Park-California-300x140.png 300w" sizes="(max-width: 600px) 100vw, 600px" /><figcaption>Yosemite National Park California</figcaption></figure></div>



<p>Yosemite National Park is located in California’s Sierra Nevada Mountains. Yosemite national park is considered the best tourist destination for hikers. It is well known for its dramatic scenery and beautiful wildlife, powerful waterfall all these attraction makes it ideal for tourist. This is the place where you explore adventurous things. You should add this place to your itinerary; it will make your vacation more exciting. You can enjoy camping with your friend and family in the summer months.</p>



<p><strong><em><u>Accommodation</u></em></strong> Curry Village, Yosemite Valley Lodge and White Wolf Lodge.</p>



<h2>8. Lassen Volcanic National Park California </h2>



<div class="wp-block-image is-style-rounded"><figure class="aligncenter size-full"><img loading="lazy" width="600" height="280" src="/wp-content/uploads/2021/08/Lassen-Volcanic-National-Park-California.png" alt="Lassen Volcanic National Park California" class="wp-image-209" srcset="/wp-content/uploads/2021/08/Lassen-Volcanic-National-Park-California.png 600w, /wp-content/uploads/2021/08/Lassen-Volcanic-National-Park-California-300x140.png 300w" sizes="(max-width: 600px) 100vw, 600px" /><figcaption>Lassen Volcanic National Park California</figcaption></figure></div>



<p>Lassen Volcanic National Park is located in northern California. Tourists can explore volcanic landscapes which offer you verdurous forests and crystal-clear lakes, which make your trip more fantastic. <strong>Lassen volcanic national park</strong> is blessed with <strong>Volcanoes</strong>, <strong>mountain lakes</strong>, and meadows full of <strong>wildflowers</strong>. You should see hydrothermal areas over here. You can explore many hiking trails that make it ideal for hikers.</p>



<p><strong><em><u>Accommodation</u></em></strong> Lassen Mineral Lodge, Mill Creek Resort and Highlands Ranch Resort.</p>



<h2>9. SEQUOIA NATIONAL PARK California </h2>



<div class="wp-block-image is-style-rounded"><figure class="aligncenter size-full"><img loading="lazy" width="600" height="280" src="/wp-content/uploads/2021/08/SEQUOIA-NATIONAL-PARK-California.png" alt="SEQUOIA NATIONAL PARK California" class="wp-image-211" srcset="/wp-content/uploads/2021/08/SEQUOIA-NATIONAL-PARK-California.png 600w, /wp-content/uploads/2021/08/SEQUOIA-NATIONAL-PARK-California-300x140.png 300w" sizes="(max-width: 600px) 100vw, 600px" /><figcaption>SEQUOIA NATIONAL PARK California</figcaption></figure></div>



<p>Sequoia National Park lies in the Sierra Nevada Mountains. You will explore the tallest trees over here. You can enjoy walking with your beloved ones among the giant sequoias where you feel free and fresh. The tallest tree is the major attraction over here. You can enjoy; hiking and walking among the tree and explore the natural beauty. Tourists can also explore skiing or snowshoeing in winter. You can view the wildflowers in spring.</p>



<p><strong><em><u>Accommodation</u></em></strong> Wuksachi Lodge, Silver City Mountain Resort and Bearpaw High Sierra Camp.</p>



<h2>10. Santa Monica Mountains National Recreation Area California  </h2>



<div class="wp-block-image is-style-rounded"><figure class="aligncenter size-full"><img loading="lazy" width="600" height="280" src="/wp-content/uploads/2021/08/Santa-Monica-Mountains-National-Recreation-Area-California.png" alt="Santa Monica Mountains National Recreation Area California" class="wp-image-212" srcset="/wp-content/uploads/2021/08/Santa-Monica-Mountains-National-Recreation-Area-California.png 600w, /wp-content/uploads/2021/08/Santa-Monica-Mountains-National-Recreation-Area-California-300x140.png 300w" sizes="(max-width: 600px) 100vw, 600px" /><figcaption>Santa Monica Mountains National Recreation Area California</figcaption></figure></div>



<p>Santa Monica Mountains National Recreation Area has an abundance of parks and stretching areas from the mountains of the oceans. Tourists can enjoy hiking; fishing and can also explore the wildlife. You can hike along the backbone Trail which links the Santa Monica Mountains from east to west. <strong>Point Dume State Beach</strong> is the best spot for whale watching. Climbing, wildflower viewing, mountain biking, and camping are some popular activities to do over here.</p>



<p><strong><em><u>Accommodation</u></em></strong> Sonesta Select Camarillo, Malibu Country Inn and Grand Vista Hotel.</p>



<h2> </h2>



<h2> </h2>
]]></content:encoded>
					
					<wfw:commentRss>/10-most-attractive-national-parks-in-california-ten-travel-ideas/feed/</wfw:commentRss>
			<slash:comments>0</slash:comments>
		
		
			</item>
	</channel>
</rss>
