<?xml version="1.0" encoding="UTF-8"?><rss version="2.0"
	xmlns:content="http://purl.org/rss/1.0/modules/content/"
	xmlns:wfw="http://wellformedweb.org/CommentAPI/"
	xmlns:dc="http://purl.org/dc/elements/1.1/"
	xmlns:atom="http://www.w3.org/2005/Atom"
	xmlns:sy="http://purl.org/rss/1.0/modules/syndication/"
	xmlns:slash="http://purl.org/rss/1.0/modules/slash/"
	>

<channel>
	<title>10 Places to Visit in Austria</title>
	<atom:link href="/tag/10-places-to-visit-in-austria/feed/" rel="self" type="application/rss+xml" />
	<link>/</link>
	<description>Places You Must Visit Before Die</description>
	<lastBuildDate>Wed, 28 Jul 2021 06:33:38 +0000</lastBuildDate>
	<language>en</language>
	<sy:updatePeriod>
	hourly	</sy:updatePeriod>
	<sy:updateFrequency>
	1	</sy:updateFrequency>
	<generator>https://wordpress.org/?v=5.8.1</generator>

<image>
	<url>/wp-content/uploads/2021/07/cropped-favicon-32x32.png</url>
	<title>10 Places to Visit in Austria</title>
	<link>/</link>
	<width>32</width>
	<height>32</height>
</image> 
	<item>
		<title>10 Top-Rated Most Beautiful Places to Visit in Austria</title>
		<link>/10-top-rated-places-visit-austria/</link>
					<comments>/10-top-rated-places-visit-austria/#respond</comments>
		
		<dc:creator><![CDATA[admin]]></dc:creator>
		<pubDate>Wed, 28 Jul 2021 06:33:35 +0000</pubDate>
				<category><![CDATA[Top Destinations]]></category>
		<category><![CDATA[10 Places to Visit in Austria]]></category>
		<guid isPermaLink="false">/?p=114</guid>

					<description><![CDATA[Austria is a European country that lies in the southern part of central Europe. Austria has a large mountainous chain which makes it ideal for tourism. Austria is known for its forest and landscapes. Austria is rich in history you can explore architecture, classical music and a lot of beautiful buildings. Austria is a land ... <a title="10 Top-Rated Most Beautiful Places to Visit in Austria" class="read-more" href="/10-top-rated-places-visit-austria/" aria-label="More on 10 Top-Rated Most Beautiful Places to Visit in Austria">Read more</a>]]></description>
										<content:encoded><![CDATA[
<p>Austria is a European country that lies in the southern part of central Europe. Austria has a large mountainous chain which makes it ideal for tourism. Austria is known for its forest and landscapes. Austria is rich in history you can explore architecture, classical music and a lot of beautiful buildings. Austria is a land of lakes which makes your vacations more beautiful. Austria is highly suggested for tourists to visit over here.</p>



<h2>1. <em>Hofburg Palace</em> <em>Austria</em></h2>



<div class="wp-block-image is-style-rounded"><figure class="aligncenter size-full"><img loading="lazy" width="600" height="280" src="/wp-content/uploads/2021/07/Hofburg-Palace-Austria.jpg" alt="Hofburg Palace Austria" class="wp-image-116" srcset="/wp-content/uploads/2021/07/Hofburg-Palace-Austria.jpg 600w, /wp-content/uploads/2021/07/Hofburg-Palace-Austria-300x140.jpg 300w" sizes="(max-width: 600px) 100vw, 600px" /><figcaption>Hofburg Palace Austria</figcaption></figure></div>



<p>Hofburg Palace is one of the most suggested places to visit in Austria.  The Hofburg is the imperial palace of the Habsburg dynasty, situated in the center of Vienna. The Hofburg palace consists of 18 groups of buildings where tourists can spend several days making their vacations more interesting. You can also explore various museums where you came to know about their history and culture. <strong>Natural History Museum</strong> and the <strong>Sisi Museum</strong> are the most famous museums to visit in <strong>Hofburg Palace</strong>.</p>



<p><strong><u>Accommodation: </u></strong>   Le Méridien, The Guesthouse Vienna and Palais Coburg.</p>



<h2>2. <em>The Wachau Valley</em> <em>Austria</em></h2>



<div class="wp-block-image is-style-rounded"><figure class="aligncenter size-full"><img loading="lazy" width="600" height="280" src="/wp-content/uploads/2021/07/The-Wachau-Valley-Austria.jpg" alt="The Wachau Valley Austria" class="wp-image-117" srcset="/wp-content/uploads/2021/07/The-Wachau-Valley-Austria.jpg 600w, /wp-content/uploads/2021/07/The-Wachau-Valley-Austria-300x140.jpg 300w" sizes="(max-width: 600px) 100vw, 600px" /><figcaption>The Wachau Valley Austria</figcaption></figure></div>



<p>The <strong>Wachau Valley</strong> is an Austrian region located nears the Danube River. The Wachau Valley is known for its rolling hills, vineyard, and fortresses; these all make it ideal for a tourist destination. The Wachau Valley blessed with natural beauty that is best for outdoor activities. Hikers also prefer this valley to visit. You can tour the vineyards of grapes and apricots. Wachau Valley presents you with a collection of more than 5,000 historical monuments where you find the history and culture of that place.</p>



<p><strong><u>Accommodation: </u></strong>   Gästehaus Schmelz and Weinlodge Wachau.</p>



<h2>3. <em>Zell am See</em> <em>Austria</em></h2>



<div class="wp-block-image is-style-rounded"><figure class="aligncenter size-full"><img loading="lazy" width="600" height="280" src="/wp-content/uploads/2021/07/Zell-am-See-Austria.jpg" alt="Zell am See Austria" class="wp-image-118" srcset="/wp-content/uploads/2021/07/Zell-am-See-Austria.jpg 600w, /wp-content/uploads/2021/07/Zell-am-See-Austria-300x140.jpg 300w" sizes="(max-width: 600px) 100vw, 600px" /><figcaption>Zell am See Austria</figcaption></figure></div>



<p><strong>Zell am see</strong> is one of the highly recommended destinations for visit, located on <strong>Lake Zell</strong>. It refers you to a scenic view and you can explore the lakes and mountains resorts in Austria. It is considered as Paradise where you do many outdoor activities and best for adventures. It also depicts the scene of blue water you can also do sailing over here. July and September are the best months to visit in Zell am see. Various places of Zell am see is traffic-free with a variety of shops and attractive cafes and restaurants.</p>



<p><strong><u>Accommodation: </u></strong>   Grand Hotel Zell am See, Pension Alpenrose and Seestrand.</p>



<h2>4. <em>Mondsee</em> <em>Austria</em></h2>



<div class="wp-block-image is-style-rounded"><figure class="aligncenter size-full"><img loading="lazy" width="600" height="280" src="/wp-content/uploads/2021/07/Mondsee-Austria.jpg" alt="Mondsee Austria" class="wp-image-119" srcset="/wp-content/uploads/2021/07/Mondsee-Austria.jpg 600w, /wp-content/uploads/2021/07/Mondsee-Austria-300x140.jpg 300w" sizes="(max-width: 600px) 100vw, 600px" /><figcaption>Mondsee Austria</figcaption></figure></div>



<p>Mondsee is a town in Austria, locates on the shore of Lake Mondsee. It is one of the famous places in Austria for tourism. Church of St. Michael is considered the best destination where you can explore the history of Mondsee. As you knew, it is situated along the bank of the lake that makes it best for tourism, sailing, and fishing is the best thing to do over here. Tourists can see the museums and much historical architecture which depicts the history. You can witness the appealing view mountain which is best for hiking.</p>



<p><strong><u>Accommodation: </u></strong>  Landhotel Prielbaue, Erlachmühle and Hotel Krone.</p>



<h2>5. <em>Hallstätter See</em> <em>Austria</em></h2>



<div class="wp-block-image is-style-rounded"><figure class="aligncenter size-full"><img loading="lazy" width="600" height="280" src="/wp-content/uploads/2021/07/Hallstatter-See-Austria.jpg" alt="Hallstätter See Austria" class="wp-image-120" srcset="/wp-content/uploads/2021/07/Hallstatter-See-Austria.jpg 600w, /wp-content/uploads/2021/07/Hallstatter-See-Austria-300x140.jpg 300w" sizes="(max-width: 600px) 100vw, 600px" /><figcaption>Hallstätter See Austria</figcaption></figure></div>



<p>Hallstätter See is a mountain Lake in Austria. It is referred to as the best destination for tourists, you can see the Hallstatt old town and market square here. Tourists can easily enjoy boating and hiking over there. You can capture this beautiful scene by taking pictures. Visitors can also explore the Hallstatt salt world; you learn about 7000-year-old mine. You can also explore the Hallstatt museum that depicts the history of that place and its culture.</p>



<p><strong><u>Accommodation: </u></strong>   Hallstatt Hideaway and I da Mitt.</p>



<h2>6. <em>Feldkirch</em> <em>Austria</em></h2>



<div class="wp-block-image is-style-rounded"><figure class="aligncenter size-full"><img loading="lazy" width="600" height="280" src="/wp-content/uploads/2021/07/Feldkirch-Austria.jpg" alt="Feldkirch Austria" class="wp-image-122" srcset="/wp-content/uploads/2021/07/Feldkirch-Austria.jpg 600w, /wp-content/uploads/2021/07/Feldkirch-Austria-300x140.jpg 300w" sizes="(max-width: 600px) 100vw, 600px"><figcaption>Feldkirch Austria</figcaption></figure></div>



<p><strong>Feldkirch</strong> is a medieval town in Austria that makes it ideal for visiting. You can explore the old castles and cobblestone pathways. Tourists can explore the RadioMuseum Feldkirch where you can see the old receivers, radios, television, and electronics. Feldkirch Wild Park is also one of the most attractive places for animal lovers to visit. Inside the park, you can also visit the adventure park that is primarily for children.</p>



<p><strong><u>Accommodation: </u></strong>  Hotel Viktor, Hotel Hecht and Ländle Kebap.</p>



<h2>7. <em>Grossglockner High Alpine Road</em> <em>Austria</em></h2>



<div class="wp-block-image is-style-rounded"><figure class="aligncenter size-full"><img loading="lazy" width="600" height="280" src="/wp-content/uploads/2021/07/Grossglockner-High-Alpine-Road-Austria.jpg" alt="Grossglockner High Alpine Road Austria" class="wp-image-123" srcset="/wp-content/uploads/2021/07/Grossglockner-High-Alpine-Road-Austria.jpg 600w, /wp-content/uploads/2021/07/Grossglockner-High-Alpine-Road-Austria-300x140.jpg 300w" sizes="(max-width: 600px) 100vw, 600px" /><figcaption>Grossglockner High Alpine Road Austria</figcaption></figure></div>



<p>The Grossglockner is High Alpine Road in Austria that is lies between green mountain pastures, beautiful lively flowers, ice, and snow. Tourists can explore the beauty of nature like waterfalls and the shrill whistling of marmots. Hiking trails in such a high mountain is a thrilling experience; High Tauern National Park offers you unique views and sightings of rare alpine animals. Tourist and also enjoys the exhibitions and scenic views over there.</p>



<p><strong><u>Accommodation: </u></strong>  Berghotel HOIS, Hotel Rupertihaus and EDELWEISSHÜTTE.</p>



<h2>8. <em>Wolfgangsee</em> <em>Austria</em></h2>



<div class="wp-block-image is-style-rounded"><figure class="aligncenter size-full"><img loading="lazy" width="600" height="280" src="/wp-content/uploads/2021/07/Wolfgangsee-Austria.jpg" alt="Wolfgangsee Austria" class="wp-image-124" srcset="/wp-content/uploads/2021/07/Wolfgangsee-Austria.jpg 600w, /wp-content/uploads/2021/07/Wolfgangsee-Austria-300x140.jpg 300w" sizes="(max-width: 600px) 100vw, 600px" /><figcaption>Wolfgangsee Austria</figcaption></figure></div>



<p><strong>Wolfgangsee Lake</strong> is one of the best-known lakes in Austria that lies in the state of Salzburg. It is considered the best place to visit. You can enjoy the stunning landscapes, crystal clear lakes, and history. Wolfgangsee refers to a paradise for the nature lover. You can enjoy hiking; cycling and you can also enjoy water sports over here. You will enjoy the 360-degree views of lakes and mountains that can please you. You can enjoy boating; swimming and you can also spend quality time sitting at the riverside.</p>



<p><strong><u>Accommodation: </u></strong>  Hotel Furian, Hotel Seehang and The View.</p>



<h2>9. <em>Krimml Waterfalls</em> <em>Austria</em></h2>



<div class="wp-block-image is-style-rounded"><figure class="aligncenter size-full"><img loading="lazy" width="600" height="280" src="/wp-content/uploads/2021/07/Krimml-Waterfalls-Austria.jpg" alt="Krimml Waterfalls Austria" class="wp-image-125" srcset="/wp-content/uploads/2021/07/Krimml-Waterfalls-Austria.jpg 600w, /wp-content/uploads/2021/07/Krimml-Waterfalls-Austria-300x140.jpg 300w" sizes="(max-width: 600px) 100vw, 600px" /><figcaption>Krimml Waterfalls Austria</figcaption></figure></div>



<p>Krimml Waterfalls comprise 380 meters in height; it’s the highest waterfall in Austria, located near the village of krimml. Krimml waterfall consists of three tiers that can be visited through a walking track. If you want to see each stage of the waterfalls, you can follow the 4km long path from where you can enjoy the complete view of the waterfall. You can exhale in nature and makes yourself free from worldly problems.</p>



<p><strong><u>Accommodation: </u></strong>&nbsp;&nbsp;Panoramahotel Burgeck, Ferienwohnung Maierhofer and Unterbergbauer.</p>



<h2>10. <em>Hohe Tauern National Park</em> <em>Austria</em></h2>



<div class="wp-block-image is-style-rounded"><figure class="aligncenter size-full"><img loading="lazy" width="600" height="280" src="/wp-content/uploads/2021/07/Hohe-Tauern-National-Park-Austria.jpg" alt="Hohe Tauern National Park Austria" class="wp-image-126" srcset="/wp-content/uploads/2021/07/Hohe-Tauern-National-Park-Austria.jpg 600w, /wp-content/uploads/2021/07/Hohe-Tauern-National-Park-Austria-300x140.jpg 300w" sizes="(max-width: 600px) 100vw, 600px" /><figcaption>Hohe Tauern National Park Austria</figcaption></figure></div>



<p>If you are considering Austria to visit in the summer, you should visit <strong>Hohe Tauern National Park</strong><em><strong><u>.</u></strong></em>  Hohe Tauern National Park is one of the largest and oldest parks in Austria. It offers you wildlife as well as attractive things also. You can explore many wild animals over here like golden eagles, chamois, and marmots. Hiking trails and bike tracks are also major attractions of that place. Tourists can also play a number of outdoor games. You can see the scenic view of nature like beautiful valleys and alpine ranges.</p>



<p><strong><u>Accommodation: </u></strong>&nbsp;&nbsp;Gästehaus Obwexer, Hotel Hinteregger and Hotel Rauter.</p>



<p></p>



<p></p>
]]></content:encoded>
					
					<wfw:commentRss>/10-top-rated-places-visit-austria/feed/</wfw:commentRss>
			<slash:comments>0</slash:comments>
		
		
			</item>
	</channel>
</rss>
