<?xml version="1.0" encoding="UTF-8"?><rss version="2.0"
	xmlns:content="http://purl.org/rss/1.0/modules/content/"
	xmlns:dc="http://purl.org/dc/elements/1.1/"
	xmlns:atom="http://www.w3.org/2005/Atom"
	xmlns:sy="http://purl.org/rss/1.0/modules/syndication/"
	
	>
<channel>
	<title>
	Comments on: Top 10 Best Places Must Visit in Switzerland	</title>
	<atom:link href="/top-10-best-places-must-visit-in-switzerland/feed/" rel="self" type="application/rss+xml" />
	<link>/top-10-best-places-must-visit-in-switzerland/</link>
	<description>Places You Must Visit Before Die</description>
	<lastBuildDate>Wed, 14 Jul 2021 14:58:59 +0000</lastBuildDate>
	<sy:updatePeriod>
	hourly	</sy:updatePeriod>
	<sy:updateFrequency>
	1	</sy:updateFrequency>
	<generator>https://wordpress.org/?v=5.8.1</generator>
</channel>
</rss>
